productId,title,url,price,currency,onSale,originalPrice,rating,reviewCount,shopName,shopUrl,imageUrl,scrapedAt,popularity
4356596457,"USB-C Airtube Headphones, EMF Free, Microphone, Zipper Case",https://www.etsy.com/listing/4356596457/usb-c-airtube-headphones-emf-free,89.99,USD,False,,4.7,516,RadEnergyio,https://www.etsy.com/shop/RadEnergyio,https://i.etsystatic.com/26720458/r/il/ca1173/7250629336/il_794xN.7250629336_o57g.jpg,2026-07-15T09:15:07.409Z,0.51
1888156976,"custom handmade wrapped apple headphones. 3.5mm, Lighting, USB-C",https://www.etsy.com/listing/1888156976/custom-handmade-wrapped-apple-headphones,28.99,USD,False,,4.5,33,DKLBDESIGN,https://www.etsy.com/shop/DKLBDESIGN,https://i.etsystatic.com/58834730/r/il/3dd203/6835784749/il_794xN.6835784749_d0ar.jpg,2026-07-15T09:15:07.409Z,0.08
4531050196,Wireless Pro 3 Noise Cancelling Bluetooth Earbuds | Premium Hi-Fi Sound & Deep Base,https://www.etsy.com/listing/4531050196/wireless-pro-3-noise-cancelling,82.0,USD,False,,2.6,5,LuxErosX,https://www.etsy.com/shop/LuxErosX,https://i.etsystatic.com/48162118/r/il/0e4b0f/8210093788/il_794xN.8210093788_414n.jpg,2026-07-15T09:15:07.409Z,0.15
4520963050,"Wireless Bluetooth Earbuds with Charging Case, Noise Isolating Audio, Fast Shipping Ready",https://www.etsy.com/listing/4520963050/wireless-bluetooth-earbuds-with-charging,40.46,USD,False,,5.0,1,MughalexclusiveLTD,https://www.etsy.com/shop/MughalexclusiveLTD,https://i.etsystatic.com/65319085/r/il/158f2d/8177567303/il_794xN.8177567303_pkpx.jpg,2026-07-15T09:15:07.410Z,0.18
4534990057,"Baseball Star Sport AirPods Case for AirPods Pro 3 2 1, AirPod 4 3 2 1 Gen, Protective Cover with Keychain",https://www.etsy.com/listing/4534990057/baseball-star-sport-airpods-case-for,14.24,USD,True,18.99,4.6,4800,euland,https://www.etsy.com/shop/euland,https://i.etsystatic.com/30339207/r/il/74684a/8278217717/il_794xN.8278217717_88x8.jpg,2026-07-15T09:15:07.410Z,0.89
1461984120,"Loop Earplug Earrings by Babeina, Earplug Chain, Loop Earplug Holder, Chain Earrings, Double Piercing Earrings,Double Handcuff Hoop Earring",https://www.etsy.com/listing/1461984120/loop-earplug-earrings-by-babeina-earplug,24.0,USD,True,32.0,4.8,82500,BABEINA,https://www.etsy.com/shop/BABEINA,https://i.etsystatic.com/22215951/r/il/42a773/6395912554/il_794xN.6395912554_bu83.jpg,2026-07-15T09:15:07.410Z,0.97
4348896229,Earplugs Chain Necklace · Earplug Loop Lanyard Gold Filled Choker Chain · AirPod Earbuds Magnetic Waterproof Earphone Silicon Holder Jewelry,https://www.etsy.com/listing/4348896229/earplugs-chain-necklace-earplug-loop,31.78,USD,True,48.9,4.8,19000,GoldnBlonde,https://www.etsy.com/shop/GoldnBlonde,https://i.etsystatic.com/31814650/r/il/f25bd2/8013774035/il_794xN.8013774035_jlec.jpg,2026-07-15T09:15:07.410Z,0.77
4523082685,"Bluetooth 5.3 Earbuds – Clear Calls, Touch Control, 16H Battery, Compact Case",https://www.etsy.com/listing/4523082685/bluetooth-53-earbuds-clear-calls-touch,22.99,USD,False,,5.0,1,RSRELECTRO786,https://www.etsy.com/shop/RSRELECTRO786,https://i.etsystatic.com/66459570/r/il/61568f/8144902946/il_794xN.8144902946_ihfy.jpg,2026-07-15T09:15:07.410Z,0.15
4474512989,"Compact Earpod Case, Tangle-Free Wired Earphone Holder, Travel Organizer",https://www.etsy.com/listing/4474512989/compact-apple-earpod-case-tangle-free,6.99,USD,False,,4.8,452,SIMITandSALSA,https://www.etsy.com/shop/SIMITandSALSA,https://i.etsystatic.com/64301993/r/il/55cbd4/7850026082/il_794xN.7850026082_38gk.jpg,2026-07-15T09:15:07.410Z,0.46
4386041414,"AirPods Pro Ear Hooks, Anti-Lost Earphone Holder",https://www.etsy.com/listing/4386041414/airpods-pro-ear-holder-hook-airpods,9.95,USD,False,,4.9,266,CrabbyCajunCreations,https://www.etsy.com/shop/CrabbyCajunCreations,https://i.etsystatic.com/30830884/r/il/7ee1a7/7281279724/il_794xN.7281279724_dxgf.jpg,2026-07-15T09:15:07.410Z,0.57
4475252273,Wireless Earbuds Bluetooth 5.4 Noise Cancelling Headphones for Sleep & Sports Hi-Res Audio TWS Earphones with Charging Case V75 V76 V66 V77,https://www.etsy.com/listing/4475252273/wireless-earbuds-bluetooth-54-noise,19.99,USD,False,,4.8,234,HobbyTrendy,https://www.etsy.com/shop/HobbyTrendy,https://i.etsystatic.com/20261704/r/il/a2a94e/7826767758/il_794xN.7826767758_1eot.jpg,2026-07-15T09:15:07.410Z,0.63
1043672347,Airpod Chain,https://www.etsy.com/listing/1043672347/airpod-chain,30.0,USD,False,,4.7,418,ShopJackieB,https://www.etsy.com/shop/ShopJackieB,https://i.etsystatic.com/24124695/r/il/7f82e7/3174771384/il_794xN.3174771384_a4xj.jpg,2026-07-15T09:15:26.810Z,0.62
1686490309,"Headphone Holders, Tech Accessories, Earphone Holder, Anti-lost Earphone Chain, Earphone Lanyard, Earbud Holder, Ear Pod Holder, Gifts",https://www.etsy.com/listing/1686490309/headphone-holders-tech-accessories,26.64,USD,True,40.99,4.8,5000,NourashJewelry,https://www.etsy.com/shop/NourashJewelry,https://i.etsystatic.com/32708301/r/il/565b35/5823683577/il_794xN.5823683577_dduz.jpg,2026-07-15T09:15:26.810Z,0.96
4398124709,"Custom Beaded AirPods Chain – Personalized Name Earphone Strap, Choose Your Color, Eyeglass Strap, Handmade Lanyard, Gift for Her",https://www.etsy.com/listing/4398124709/custom-beaded-airpods-chain-personalized,19.5,USD,True,39.0,5.0,133,TrendBracelet,https://www.etsy.com/shop/TrendBracelet,https://i.etsystatic.com/51500250/r/il/4bc1ff/7353766298/il_794xN.7353766298_ncty.jpg,2026-07-15T09:15:26.810Z,0.36
1009242890,Neurodiversity Noise Reducing Ear Muffs,https://www.etsy.com/listing/1009242890/neurodiversity-noise-reducing-ear-muffs,35.69,USD,False,,4.9,2400,ALittleBitTwistedLLC,https://www.etsy.com/shop/ALittleBitTwistedLLC,https://i.etsystatic.com/25207496/r/il/032847/3145029073/il_794xN.3145029073_lp68.jpg,2026-07-15T09:15:26.810Z,0.94
4438849838,Personalized Monogram AirPod Pro Case Initial Name Airpods 4 Case Custom Retro Lines Stripes,https://www.etsy.com/listing/4438849838/personalized-monogram-airpod-pro-case,22.05,USD,True,31.5,4.8,326,TrendBlendX,https://www.etsy.com/shop/TrendBlendX,https://i.etsystatic.com/59925358/r/il/344db8/7635355687/il_794xN.7635355687_o1uv.jpg,2026-07-15T09:15:26.810Z,0.64
4304859508,Fishing Tackle Box AirPods 4 Case - Outdoor Angler Edition - Secure Latch Design - Tackle Box - Fishing Lover - Bass fishing - Angler Gift,https://www.etsy.com/listing/4304859508/fishing-tackle-box-airpods-4-case,21.23,USD,False,,4.7,1100,Coy3D,https://www.etsy.com/shop/Coy3D,https://i.etsystatic.com/52458348/r/il/c55420/6907215385/il_794xN.6907215385_1ydv.jpg,2026-07-15T09:15:26.810Z,0.85
4306539133,AirPods Jewelry Charm | Purple Hydrangea AirPods Accessory | Floral Ear Hook for AirPods Case | Fairycore Tech Gift for Her | Handmade,https://www.etsy.com/listing/4306539133/airpods-jewelry-charm-purple-hydrangea,32.0,USD,False,,4.9,1100,SWEETSHOPLLC,https://www.etsy.com/shop/SWEETSHOPLLC,https://i.etsystatic.com/32501525/r/il/b86359/6915639675/il_794xN.6915639675_qhh5.jpg,2026-07-15T09:15:26.810Z,0.93
4516285361,"Four Leaf Clover Cord Organizer – 3D Printed Lucky Earbud Holder, Charging Cable Wrap, Tech Accessory, Gift for Good Luck",https://www.etsy.com/listing/4516285361/four-leaf-clover-cord-organizer-3d,19.99,USD,False,,5.0,1,WynrGoods,https://www.etsy.com/shop/WynrGoods,https://i.etsystatic.com/65291165/r/il/2bc61d/8142307326/il_794xN.8142307326_wdr9.jpg,2026-07-15T09:15:26.810Z,0.06
4306431510,"Rifle Paper Co. AirPod Case, Fabric Earbuds Pouch",https://www.etsy.com/listing/4306431510/rifle-paper-co-airpod-case-fabric-airpod,18.0,USD,False,,5.0,1600,PineStreetHandmade,https://www.etsy.com/shop/PineStreetHandmade,https://i.etsystatic.com/10915731/r/il/037f29/6867166556/il_794xN.6867166556_8ri7.jpg,2026-07-15T09:15:26.810Z,0.86
748170396,"Custom Leather AirPods Case, Apple AirPods 1, 2, 3, 4 & Pro, Pro 2, Pro 3,  AirPods Case, Airpods Cute, Earphones Case",https://www.etsy.com/listing/748170396/custom-leather-airpods-case-apple,17.19,USD,True,42.98,4.8,14000,MisterCrafter,https://www.etsy.com/shop/MisterCrafter,https://i.etsystatic.com/16416697/r/il/8c64aa/8088504672/il_794xN.8088504672_jl09.jpg,2026-07-15T09:15:26.810Z,0.85
4512188475,"Retro Wood AirPods Pro Case, Handmade Vintage Protective Cover, AirPods 3 & 4 Case, Unique Wooden AirPods Accessory",https://www.etsy.com/listing/4512188475/retro-wood-airpods-pro-case-handmade,35.82,USD,False,,5.0,1,AoiObjects,https://www.etsy.com/shop/AoiObjects,https://i.etsystatic.com/64399506/r/il/143aac/8115725489/il_794xN.8115725489_9hja.jpg,2026-07-15T09:15:26.810Z,0.19
885275511,"MyComfyPad® Eyeglasses Pillow: Lie on your side to watch TV with glasses, Stop poking your ears with our AirPods Pillow for earbuds.",https://www.etsy.com/listing/885275511/mycomfypad-eyeglasses-pillow-lie-on-your,24.95,USD,False,,4.6,68,MyComfyPad,https://www.etsy.com/shop/MyComfyPad,https://i.etsystatic.com/25555243/r/il/a0f0bc/2583490102/il_794xN.2583490102_nucv.jpg,2026-07-15T09:15:26.810Z,0.37
4357415169,"Custom Silicone Ear Tips for Airpods Pro Gen. 3, 2 or 1: Enhanced Comfort, Secure Fit",https://www.etsy.com/listing/4357415169/custom-silicone-ear-tips-for-airpods-pro,20.95,USD,False,,4.7,709,FoamPods,https://www.etsy.com/shop/FoamPods,https://i.etsystatic.com/35866492/r/il/285e24/7136303322/il_794xN.7136303322_6w4m.jpg,2026-07-15T09:15:26.810Z,0.6
1732709928,Personalized Cyberpunk AirPods Pro 3 2 1 Case | Custom Engraved Gift for Men,https://www.etsy.com/listing/1732709928/personalized-cyberpunk-airpods-case,29.4,USD,True,41.99,4.9,624,Lunafog,https://www.etsy.com/shop/Lunafog,https://i.etsystatic.com/52707759/r/il/182b55/7867016408/il_794xN.7867016408_8w3o.jpg,2026-07-15T09:15:26.810Z,0.61
4534989983,"Whimsigoth Collage Case for AirPods, Protective Cover bundle with Keychain, Anti Lost Strap",https://www.etsy.com/listing/4534989983/whimsigoth-collage-case-for-airpods,14.69,USD,True,20.98,4.6,6600,Kmstores,https://www.etsy.com/shop/Kmstores,https://i.etsystatic.com/26674129/r/il/4abc5e/8230309108/il_794xN.8230309108_b4oe.jpg,2026-07-15T09:15:26.810Z,0.73
4434266625,"Full Grain Leather Headphone Case, AirPods Max, Sony WH-1000XM Series, Travel Organizer",https://www.etsy.com/listing/4434266625/leather-case-for-airpods-max-case-sony,60.76,USD,True,98.0,4.7,106,VicBit,https://www.etsy.com/shop/VicBit,https://i.etsystatic.com/55109366/r/il/754def/7957647613/il_794xN.7957647613_iurb.jpg,2026-07-15T09:15:26.810Z,0.22
4343846879,"Sterling Silver Bow Ear Cuff: Earplug Earring / Earbud Holder, Sensitive Ears, Non-Piercing | Gift Ready",https://www.etsy.com/listing/4343846879/sterling-silver-bow-ear-cuff-earplug,24.64,USD,True,28.99,4.9,185,MoonBreezeUS,https://www.etsy.com/shop/MoonBreezeUS,https://i.etsystatic.com/53646532/r/il/2f31c5/7188553837/il_794xN.7188553837_5ln6.jpg,2026-07-15T09:15:26.810Z,0.31
1708167380,"Custom Engraved Wood AirPods Pro3 1/2 Case, Wooden Protective Cover for Airpods , Earpods Cover with Keychain, Christmas Gift",https://www.etsy.com/listing/1708167380/custom-engraved-wood-airpods-pro3-12,45.99,USD,False,,4.7,1400,SiegosDesign,https://www.etsy.com/shop/SiegosDesign,https://i.etsystatic.com/30876536/r/il/153e2a/7337226389/il_794xN.7337226389_2psn.jpg,2026-07-15T09:15:26.810Z,0.78
4473873717,Handmade Pearl AirPods Holder Earrings | Multifunctional Beaded Ear Jewelry Anti-Loss Chain | Elegant Practical Gift Never Lose Your Earbuds,https://www.etsy.com/listing/4473873717/handmade-pearl-airpods-holder-earrings,21.19,USD,False,,4.9,25,TheLauMoCollection,https://www.etsy.com/shop/TheLauMoCollection,https://i.etsystatic.com/59231206/r/il/7f5079/7865904733/il_794xN.7865904733_swzv.jpg,2026-07-15T09:15:26.810Z,0.18
1110147039,Handmade Boho AirPods Strap: Blue & Green Yarn Wrapped Cord,https://www.etsy.com/listing/1110147039/handmade-boho-airpods-strap-blue-green,25.0,USD,False,,4.9,369,LoopoutHandmade,https://www.etsy.com/shop/LoopoutHandmade,https://i.etsystatic.com/22528783/r/il/e11d5b/3490785417/il_794xN.3490785417_nvpj.jpg,2026-07-15T09:15:26.810Z,0.57
587779060,Earbud Holder / Earphone Wrap - Organizer - Free Shipping - Amish Handmade Leather - Made in USA,https://www.etsy.com/listing/587779060/earbud-holder-earphone-wrap-organizer,12.99,USD,False,,4.9,9000,AmishLeatherWorks,https://www.etsy.com/shop/AmishLeatherWorks,https://i.etsystatic.com/12235498/r/il/0867f6/2045750772/il_794xN.2045750772_9ah5.jpg,2026-07-15T09:15:26.810Z,0.97
4423972280,Cool Snoopy Listening with Headphones AirPod Case | Music Note Stars,https://www.etsy.com/listing/4423972280/snoopy-listening-with-headphones-airpod,30.45,USD,False,,4.9,71,FeynestDesign,https://www.etsy.com/shop/FeynestDesign,https://i.etsystatic.com/61766459/r/il/8e1091/8022557594/il_794xN.8022557594_ozhb.jpg,2026-07-15T09:15:26.810Z,0.33
1863285789,"Personalized headphone case, Airpods Max Case (compatible with all brands), leather headphone protective case, Custom headphone case",https://www.etsy.com/listing/1863285789/personalized-headphone-case-airpods-max,29.27,USD,True,30.81,4.7,164,SweetSagaNest,https://www.etsy.com/shop/SweetSagaNest,https://i.etsystatic.com/51661760/r/il/ebade6/8132349759/il_794xN.8132349759_8z4k.jpg,2026-07-15T09:15:26.810Z,0.3
4475373296,"Strawberry Cord Organizer, Linen Earbud Holder, Headphone Wrap, Charging Case, Tech Accessory",https://www.etsy.com/listing/4475373296/strawberry-cord-organizer-linen-earbud,15.99,USD,True,19.99,5.0,215,TheStitchTale,https://www.etsy.com/shop/TheStitchTale,https://i.etsystatic.com/61371279/r/il/7d738a/7875431097/il_794xN.7875431097_s22r.jpg,2026-07-15T09:15:26.810Z,0.46
4432930883,"Custom Wood AirPods Case, Personalized Protective Earpods Cover,Airpods Pro Case,Birthday Gift",https://www.etsy.com/listing/4432930883/birthday-gift-engraved-wood-airpods-case,16.99,USD,True,42.48,4.9,109,FALCONLLC,https://www.etsy.com/shop/FALCONLLC,https://i.etsystatic.com/56267842/r/il/122476/7554960368/il_794xN.7554960368_2ty9.jpg,2026-07-15T09:15:26.810Z,0.26
4414265075,"Handmade Gothic Resin AirPods Case, Red Eyes, Noir Style",https://www.etsy.com/listing/4414265075/handmade-gothic-resin-airpods-case-red,42.38,USD,False,,4.9,15,ETERNALDAYStore,https://www.etsy.com/shop/ETERNALDAYStore,https://i.etsystatic.com/58247025/r/il/c47b8d/7455116740/il_794xN.7455116740_juf4.jpg,2026-07-15T09:15:26.810Z,0.14
4401038181,"Golf Ball Bluetooth Earbuds Wireless 5.4 ANC, fathers day gift,gift for dad",https://www.etsy.com/listing/4401038181/golf-ball-bluetooth-earbuds-wireless-54,16.49,USD,True,32.99,4.9,8,KDYNIXShop,https://www.etsy.com/shop/KDYNIXShop,https://i.etsystatic.com/62885163/r/il/17365c/8248965616/il_794xN.8248965616_g5yq.jpg,2026-07-15T09:15:26.810Z,0.13
1533717491,Rose Gold AirPods Anti-Loss Earrings/Loop Earrings: Minimalist Copper Earring Clips,https://www.etsy.com/listing/1533717491/rose-gold-airpods-anti-loss-earrings,11.74,USD,True,14.67,4.9,707,LeopardStickerStudio,https://www.etsy.com/shop/LeopardStickerStudio,https://i.etsystatic.com/36441218/r/il/b12a80/5230910601/il_794xN.5230910601_g7er.jpg,2026-07-15T09:15:26.810Z,0.48
4387423122,"Quilted Handmade AirPods Case, AirPods  pro Pouch, AirPod Holder, Travel Case, Cute Gift, Headphones Case, AirPods 123, Christmas gift",https://www.etsy.com/listing/4387423122/quilted-handmade-airpods-case-airpods,18.19,USD,True,25.99,4.9,974,CuteNaturalDesign,https://www.etsy.com/shop/CuteNaturalDesign,https://i.etsystatic.com/48498067/r/il/02da8a/7289317798/il_794xN.7289317798_jbdf.jpg,2026-07-15T09:15:26.810Z,0.6
4458893851,Cable Tidy Pouch Set. In-Ear Headphone Case. Personalised Wired Earphone Holder.,https://www.etsy.com/listing/4458893851/in-ear-headphone-case-personalised-wired,29.41,USD,False,,5.0,4400,studiolowen,https://www.etsy.com/shop/studiolowen,https://i.etsystatic.com/17903249/r/il/d5f486/7717908384/il_794xN.7717908384_9sbg.jpg,2026-07-15T09:15:26.810Z,0.75
4424375386,Plaid Wireless Earphone Case with Lace Sweet Aesthetic AirPods Protection Bag Portable Soft Shell Headphone Storage Pouch for Travel,https://www.etsy.com/listing/4424375386/plaid-wireless-earphone-case-with-lace,18.26,USD,False,,5.0,26,LittleThinkerStudios,https://www.etsy.com/shop/LittleThinkerStudios,https://i.etsystatic.com/62826666/r/il/f77b7f/7556481403/il_794xN.7556481403_iro8.jpg,2026-07-15T09:15:26.810Z,0.17
4341194121,Yahaha! Korok AirPods case The Legend of Zelda Headphone Cover Zelda Gift AirPods Pro 3,https://www.etsy.com/listing/4341194121/yahaha-korok-airpods-case-the-legend-of,4.19,USD,True,5.98,5.0,894,Praulensshop,https://www.etsy.com/shop/Praulensshop,https://i.etsystatic.com/57009595/r/il/ac06a0/7099595845/il_794xN.7099595845_pdgp.jpg,2026-07-15T09:15:26.810Z,0.62
1583984131,"Black Punk Spikes Earplugs Earrings for Loops or AirPod Earbuds Holder, Hypoallergenic Earrings for Autism, ADHD, Anxiety, Moms, Concerts",https://www.etsy.com/listing/1583984131/black-punk-spikes-earplugs-earrings-for,23.49,USD,False,,5.0,224,TheAupossum,https://www.etsy.com/shop/TheAupossum,https://i.etsystatic.com/45367040/r/il/b871b0/5419828578/il_794xN.5419828578_ijf6.jpg,2026-07-15T09:15:26.810Z,0.61
1783856044,Cozy Cute Bear Hugging AirPods Holder Clip Snap • handmade coin purse bag pouch case,https://www.etsy.com/listing/1783856044/cozy-cute-bear-hugging-airpods-holder,26.0,USD,False,,4.9,533,CrochetCafeShop,https://www.etsy.com/shop/CrochetCafeShop,https://i.etsystatic.com/18995061/r/il/7ab70b/6337887883/il_794xN.6337887883_be72.jpg,2026-07-15T09:15:26.810Z,0.55
1222409477,Personalised AirPods Pro 3 2 1 Case / Dark Brown Premium Genuine Leather Airpod Cover / Apple AirPod Case Holder / Multiple Colour Options,https://www.etsy.com/listing/1222409477/personalised-airpods-pro-3-2-1-case-dark,39.46,USD,True,56.36,4.9,5500,CotswoldWears,https://www.etsy.com/shop/CotswoldWears,https://i.etsystatic.com/26614962/r/il/bc27a7/3949430174/il_794xN.3949430174_r9d1.jpg,2026-07-15T09:15:26.811Z,0.93
1014871710,"Personalized AirPod Pro Case Decal, Custom Name Sticker",https://www.etsy.com/listing/1014871710/personalized-airpod-pro-case-decal,4.09,USD,False,,4.9,1400,DangelaDecor,https://www.etsy.com/shop/DangelaDecor,https://i.etsystatic.com/10057783/r/il/fd7731/8223335125/il_794xN.8223335125_o96r.jpg,2026-07-15T09:15:26.811Z,0.93
1411934868,"Personalized Wooden AirPods Pro Case, for AirPods 1/2/3/4, Custom EarPods Cover with keychain, QI wireless charging, Gift for Birthday",https://www.etsy.com/listing/1411934868/personalized-wooden-airpods-pro-case-for,17.25,USD,True,23.0,4.9,1400,Memoryment,https://www.etsy.com/shop/Memoryment,https://i.etsystatic.com/36710056/r/il/5bb008/4666657042/il_794xN.4666657042_55fw.jpg,2026-07-15T09:15:26.811Z,0.79
4426880982,"Personalized Leather Case for AirPods Pro 3 & AirPods 4, Precision Fit (Not Universal), Monogram Tech Gift for Men, Vintage Protective Cover",https://www.etsy.com/listing/4426880982/personalized-leather-case-for-airpods,39.0,USD,False,,4.9,142,CraftedManStudio,https://www.etsy.com/shop/CraftedManStudio,https://i.etsystatic.com/62264390/r/il/3d96a9/7572084339/il_794xN.7572084339_ocdy.jpg,2026-07-15T09:15:26.811Z,0.32
4373336717,Striped Airpods Case Airpods 4 Case Modern Design Tech Accessory Gifts For Teen Girls Preppy Style Wireless Holder Custom Name Monogram Gift,https://www.etsy.com/listing/4373336717/striped-airpods-case-airpods-4-case,17.39,USD,True,28.99,4.8,128,GiftShopGreetings,https://www.etsy.com/shop/GiftShopGreetings,https://i.etsystatic.com/47932490/r/il/caea4b/7791262577/il_794xN.7791262577_p5yz.jpg,2026-07-15T09:15:26.811Z,0.32
1055041727,Shell Earphone Tidy + Cable Organiser *US TARIFFS COVERED*,https://www.etsy.com/listing/1055041727/shell-earphone-tidy-cable-organiser-us,14.01,USD,False,,4.9,3000,SbriStudio,https://www.etsy.com/shop/SbriStudio,https://i.etsystatic.com/22414130/r/il/6b7e3d/3217847566/il_794xN.3217847566_9iac.jpg,2026-07-15T09:15:26.811Z,0.84
4488702233,AirPods Max  Cover Set 4pc | Anti-Sag Headband Ear Cup Protector Full Silicone Case Generations 1 and 2,https://www.etsy.com/listing/4488702233/airpods-max-cover-set-4pc-anti-sag,30.67,USD,True,51.11,4.7,88,ForArtGoods,https://www.etsy.com/shop/ForArtGoods,https://i.etsystatic.com/40941129/r/il/326ed5/7913092324/il_794xN.7913092324_b04v.jpg,2026-07-15T09:15:26.811Z,0.33
910662457,"Fabric Earbud Case: Zipper or Magnetic Snap, Keyring Travel Case",https://www.etsy.com/listing/910662457/fabric-earbud-case-zipper-or-magnetic,14.5,USD,False,,5.0,3300,StitcheryStationAlma,https://www.etsy.com/shop/StitcheryStationAlma,https://i.etsystatic.com/5922044/r/il/e61327/5593086554/il_794xN.5593086554_3tkq.jpg,2026-07-15T09:15:26.811Z,0.88
4460285223,Leather Airpod Pro 3 Case Personalized Gift Tech Accessory Keyring Holder Custom Monogram Protection Shockproof Design Engraved Earbud Cover,https://www.etsy.com/listing/4460285223/leather-airpod-pro-3-case-personalized,14.73,USD,True,24.55,5.0,837,BellagendaGifts,https://www.etsy.com/shop/BellagendaGifts,https://i.etsystatic.com/32208086/r/il/254dee/7781702803/il_794xN.7781702803_oo67.jpg,2026-07-15T09:15:26.811Z,0.7
4533458912,"Magnetic hard case for IEM eartips, 3D printed eartips organizer storage, earbud tips storage box, custom earphone accessory holder",https://www.etsy.com/listing/4533458912/magnetic-hard-case-for-iem-eartips-3d,19.99,USD,True,24.99,5.0,48,AlmaLeatherCraft,https://www.etsy.com/shop/AlmaLeatherCraft,https://i.etsystatic.com/18419932/r/il/268ab0/8219179144/il_794xN.8219179144_k0rl.jpg,2026-07-15T09:15:26.811Z,0.1
4517486043,"Silicone AirPods Pro Case, Soft Matte Protective Cover with Carabiner",https://www.etsy.com/listing/4517486043/silicone-airpods-pro-case-soft-matte,13.67,USD,True,17.09,4.6,165,CASEROOMSTORE,https://www.etsy.com/shop/CASEROOMSTORE,https://i.etsystatic.com/66053012/r/il/9b8cba/8153021039/il_794xN.8153021039_cpsa.jpg,2026-07-15T09:15:26.811Z,0.3
4519481829,"Handmade Leather AirPods Case – Vintage Style, Cowhide",https://www.etsy.com/listing/4519481829/handmade-leather-airpods-case-vintage,38.38,USD,True,89.25,4.9,175,TrueLeatherLUXE,https://www.etsy.com/shop/TrueLeatherLUXE,https://i.etsystatic.com/60092116/r/il/ac5572/7495578675/il_794xN.7495578675_plt8.jpg,2026-07-15T09:15:26.811Z,0.35
4469004042,Genuine Leather Carry Case for AirPods Max Luxury Wireless Headphone Satchel & Cosmetic Travel Bag Stylish Portable Storage Organizer,https://www.etsy.com/listing/4469004042/genuine-leather-carry-case-for-airpods,0.5,USD,True,1.0,4.6,20,EngravedLeatherCo,https://www.etsy.com/shop/EngravedLeatherCo,https://i.etsystatic.com/63257493/r/il/e40657/7785785344/il_794xN.7785785344_te95.jpg,2026-07-15T09:15:26.811Z,0.07
4527207174,"Croissant AirPods Case with Pastry Charm, Cute 3D Food AirPods  Case Cover, Realistic Bread Earbud Protector, Funny Foodie Gift for Her",https://www.etsy.com/listing/4527207174/croissant-airpods-case-with-pastry-charm,19.5,USD,True,30.0,4.0,7,SyncLayer,https://www.etsy.com/shop/SyncLayer,https://i.etsystatic.com/62155071/r/il/e6ce79/8172855924/il_794xN.8172855924_t14s.jpg,2026-07-15T09:15:26.811Z,0.1
4527116684,Genuine Apple AirPods 1st Generation A1523 AirPod RIGHT Side Ear Only - Great Cond,https://www.etsy.com/listing/4527116684/genuine-apple-airpods-1st-generation,21.99,USD,False,,4.5,22,Jetunastar,https://www.etsy.com/shop/Jetunastar,https://i.etsystatic.com/60173640/r/il/5556a4/7310531259/il_794xN.7310531259_tc7e.jpg,2026-07-15T09:15:26.811Z,0.13
832587749,"3D Printed Earbud Cable Wrap with Carabiner – Geometric Cord Holder, Backpack Cable Strap",https://www.etsy.com/listing/832587749/3d-printed-earbud-cable-wrap-carabiner,6.95,USD,False,,4.9,1100,Hexagizmo,https://www.etsy.com/shop/Hexagizmo,https://i.etsystatic.com/15213879/r/il/28da50/8062095652/il_794xN.8062095652_l949.jpg,2026-07-15T09:15:26.811Z,0.87
1862632946,"Silicone Airpod Holder Strap: Anti-Loss, Secure Fit",https://www.etsy.com/listing/1862632946/silicone-airpod-holder-strap-anti-loss,23.67,USD,False,,4.9,75,MiniMagna,https://www.etsy.com/shop/MiniMagna,https://i.etsystatic.com/20306976/r/il/8472c9/6657697368/il_794xN.6657697368_hlqc.jpg,2026-07-15T09:15:26.811Z,0.38
4509690264,Handmade AirPods Pouch | Earbuds Case,https://www.etsy.com/listing/4509690264/handmade-airpods-pouch-earbuds-case,10.0,USD,False,,5.0,2,JensiMade,https://www.etsy.com/shop/JensiMade,https://i.etsystatic.com/63081155/r/il/9d7486/8097736069/il_794xN.8097736069_ckla.jpg,2026-07-15T09:15:26.811Z,0.07
1804036363,"Handmade leather AirPods cases. All models, including AirPods Pro 3.",https://www.etsy.com/listing/1804036363/handmade-leather-airpods-cases-all,39.0,USD,False,,5.0,92,KitaArtovich,https://www.etsy.com/shop/KitaArtovich,https://i.etsystatic.com/27887038/r/il/7f38ee/8261642407/il_794xN.8261642407_hdto.jpg,2026-07-15T09:15:26.811Z,0.23
4501940684,"Retro Leather Airpods 4 3 2 & Pro 2 3 Cover, Handmade Protective Apple Earpods Cover,Personalized Gift AirPods Case, gift for him/her",https://www.etsy.com/listing/4501940684/retro-leather-airpods-4-3-2-pro-2-3,15.91,USD,True,39.78,4.7,3,FadedColorTreasures,https://www.etsy.com/shop/FadedColorTreasures,https://i.etsystatic.com/64279227/r/il/2c12b7/8073428063/il_794xN.8073428063_4z8v.jpg,2026-07-15T09:15:26.811Z,0.07
1531830171,"Leather Keychain Pouch: Handmade Boxy Coin Purse, Earphone Case",https://www.etsy.com/listing/1531830171/leather-keychain-pouch-handmade-boxy,31.3,USD,False,,4.9,4100,PuntoBelle,https://www.etsy.com/shop/PuntoBelle,https://i.etsystatic.com/8136224/r/il/87872e/5176718107/il_794xN.5176718107_26cf.jpg,2026-07-15T09:15:26.811Z,0.89
4522126957,Personalized AirPods Case – Custom Photo for AirPods Pro 1/2/3/4 Protective Hard PC Cover Full Wrap Glossy Print with Keychain,https://www.etsy.com/listing/4522126957/personalized-airpods-case-custom-photo,18.01,USD,False,,5.0,2,SusutifyGifts,https://www.etsy.com/shop/SusutifyGifts,https://i.etsystatic.com/65337108/r/il/28078f/8185940119/il_794xN.8185940119_6fec.jpg,2026-07-15T09:15:26.811Z,0.19
1030298827,Ear Phone Organizer / Cable Wrap / Holder / Earbuds / Wire / Purse / Backpack,https://www.etsy.com/listing/1030298827/ear-phone-organizer-cable-wrap-holder,7.0,USD,False,,4.7,8600,McMaster3D,https://www.etsy.com/shop/McMaster3D,https://i.etsystatic.com/16430664/r/il/92373e/3123945226/il_794xN.3123945226_owph.jpg,2026-07-15T09:15:26.811Z,0.86
4469542042,"Personalized Leather Earphone Case, Custom Name Coin Purse, Round Earbud Holder, Mini Keychain Wallet",https://www.etsy.com/listing/4469542042/personalized-leather-earphone-case,16.06,USD,True,17.85,4.5,1400,ValViolet,https://www.etsy.com/shop/ValViolet,https://i.etsystatic.com/34355009/r/il/0f1387/7789379558/il_794xN.7789379558_epoz.jpg,2026-07-15T09:15:26.811Z,0.73
1244238256,AirPod Case AirPod Pro Case Mountains Wood Style AirPods Case Unique Matte Glossy Keychain Apple Ear Phones Outdoors Hiking AirPod 1st 2nd,https://www.etsy.com/listing/1244238256/airpod-case-airpod-pro-case-mountains,24.99,USD,False,,4.8,7800,Suite7Seven,https://www.etsy.com/shop/Suite7Seven,https://i.etsystatic.com/13210285/r/il/92c6ab/4018043207/il_794xN.4018043207_4j1n.jpg,2026-07-15T09:15:26.811Z,0.86
1667420546,"Earphones Holder Chain, Headphone Holders, Earphones Necklace Holder, Gold Chain, Silver Chain, Music Lover, Tech Accessories, Gifts For Her",https://www.etsy.com/listing/1667420546/earphones-holder-chain-headphone-holders,26.64,USD,True,40.99,4.8,5000,NourashJewelry,https://www.etsy.com/shop/NourashJewelry,https://i.etsystatic.com/32708301/r/il/565b35/5823683577/il_794xN.5823683577_dduz.jpg,2026-07-15T09:15:50.461Z,0.9
4488835313,"Anime Fanart AirPods Case for AirPods Pro 3 2 1, AirPod 4 3 2 1 Gen, Protective Cover with Keychain",https://www.etsy.com/listing/4488835313/anime-fanart-airpods-case-for-airpods,13.53,USD,True,18.04,4.6,4800,euland,https://www.etsy.com/shop/euland,https://i.etsystatic.com/30339207/r/il/4e8bfc/7961820127/il_794xN.7961820127_uj9k.jpg,2026-07-15T09:15:50.461Z,0.76
4488381438,"Cute Christian Art AirPods Case for AirPods Pro 3 2 1, AirPods 4 3, AirPod 2 1 Gen, Aesthetic Cover with Keychain, Anti Lost Strap",https://www.etsy.com/listing/4488381438/cute-christian-art-airpods-case-for,14.69,USD,True,20.98,4.6,6600,Kmstores,https://www.etsy.com/shop/Kmstores,https://i.etsystatic.com/26674129/r/il/3fb702/7910873024/il_794xN.7910873024_p0qp.jpg,2026-07-15T09:15:50.461Z,0.91
1165050168,Messy Stars Air Pods Case | Custom Celestial Stars Protective Apple AirPods 2 Pro Case | Planets AirPods Case,https://www.etsy.com/listing/1165050168/messy-stars-air-pods-case-custom,26.95,USD,False,,4.7,1800,CaseNationShop,https://www.etsy.com/shop/CaseNationShop,https://i.etsystatic.com/33186717/r/il/f06569/4336936824/il_794xN.4336936824_21jb.jpg,2026-07-15T09:15:50.461Z,0.99
992747590,Personalised Apple Airpod Case / Protective Case Protector / Printed Clear Rubber Case/ Customised Case for Airpods 1 2 3  Pro and AirPods 4,https://www.etsy.com/listing/992747590/personalised-apple-airpod-case,17.86,USD,False,,4.7,1100,TullunDesigns,https://www.etsy.com/shop/TullunDesigns,https://i.etsystatic.com/11626829/r/il/7af94e/3944694256/il_794xN.3944694256_ixad.jpg,2026-07-15T09:15:50.461Z,0.9
4417838131,Designer Bluetooth Earbuds TWS XO X23 – Colorful Wireless Headphones Beige/Champagne – Trendy Sound Style,https://www.etsy.com/listing/4417838131/designer-bluetooth-earbuds-tws-xo-x23,29.8,USD,False,,3.9,108,Apostel13,https://www.etsy.com/shop/Apostel13,https://i.etsystatic.com/10900894/r/il/23b399/8188841528/il_794xN.8188841528_rkpg.jpg,2026-07-15T09:15:50.461Z,0.39
4519470437,"Personalized Initials Earphone Case, Bluetooth earphone case with fashionable flip-top design, for AirPods Pro 2,Birthday Gifts",https://www.etsy.com/listing/4519470437/personalized-initials-earphone-case,19.21,USD,True,48.03,3.0,2,FullyMaxFigures,https://www.etsy.com/shop/FullyMaxFigures,https://i.etsystatic.com/65759524/r/il/acc65f/8167070673/il_794xN.8167070673_qzo5.jpg,2026-07-15T09:15:50.461Z,0.18
900079073,"Ear Buds Belt Holster For Apple AirPods, Pixel, More. On the Belt Holster, AirPod Pro Case. Belt Pouch, Tactical Bag, Airpods Belt",https://www.etsy.com/listing/900079073/ear-buds-belt-holster-for-apple-airpods,32.14,USD,False,,4.8,1700,WeirdOldSnail,https://www.etsy.com/shop/WeirdOldSnail,https://i.etsystatic.com/6346141/r/il/fbc06b/6793759828/il_794xN.6793759828_ar6y.jpg,2026-07-15T09:15:50.461Z,0.91
4401018074,"Leather Earphone Case, Bluetooth Wireless Headphone Case with Heart, Protective Earbuds Cover",https://www.etsy.com/listing/4401018074/leather-earphone-case-bluetooth-wireless,35.69,USD,True,38.79,4.9,273,AeroModShop,https://www.etsy.com/shop/AeroModShop,https://i.etsystatic.com/56534297/r/il/208fa2/7371675136/il_794xN.7371675136_n7uc.jpg,2026-07-15T09:15:50.461Z,0.45
1209445047,MagStand | AirPods Max Stand | Deep-Sleep Mode | USB-C Charging,https://www.etsy.com/listing/1209445047/magstand-airpods-max-stand-deep-sleep,36.0,USD,False,,4.9,963,Cayden3D,https://www.etsy.com/shop/Cayden3D,https://i.etsystatic.com/29653787/r/il/75deb4/3837431366/il_794xN.3837431366_nvoi.jpg,2026-07-15T09:15:50.461Z,0.41
4484376308,"Silicon AirPods Case Heart Design – Protective Glossy AirPods Cover With Unique Anatomical Style, Durable Portable Accessory For Music Lover",https://www.etsy.com/listing/4484376308/silicon-airpods-case-heart-design,26.23,USD,True,34.98,4.7,46,WWgiftsArt,https://www.etsy.com/shop/WWgiftsArt,https://i.etsystatic.com/61274230/r/il/3e486b/8146040424/il_794xN.8146040424_hbgl.jpg,2026-07-15T09:15:50.461Z,0.12
4522556176,A-Pillar Speaker Pods made for Car Audio Fabrication - Midrange/Tweeter Pair,https://www.etsy.com/listing/4522556176/a-pillar-speaker-pods-made-for-car-audio,5.99,USD,False,,5.0,23,FabledRides,https://www.etsy.com/shop/FabledRides,https://i.etsystatic.com/43155960/r/il/f19a9a/7740081097/il_794xN.7740081097_ncp2.jpg,2026-07-15T09:15:50.461Z,0.09
4536840402,"Purple Yellow Polka Dot AirPods Case, Cute Apple AirPods Case, Polka Dot AirPods Cover, Protective Earbuds Case, Aesthetic Gift",https://www.etsy.com/listing/4536840402/purple-yellow-polka-dot-airpods-case,18.01,USD,True,25.72,4.76,945,N9DesignStore,https://www.etsy.com/shop/N9DesignStore,https://i.etsystatic.com/65593449/r/il/f90d4e/8244430726/il_794xN.8244430726_3bre.jpg,2026-07-15T09:15:50.461Z,0.44
4496563206,"Tomato Cord Organizer – Linen Earbud Holder, Cute Headphone Wrap, Charging Cable Organizer, Tech Accessory Gift",https://www.etsy.com/listing/4496563206/tomato-cord-organizer-linen-earbud,15.99,USD,False,,5.0,1,WynrGoods,https://www.etsy.com/shop/WynrGoods,https://i.etsystatic.com/65291165/r/il/370be1/7964445848/il_794xN.7964445848_djt7.jpg,2026-07-15T09:15:50.461Z,0.16
610285358,Handmade Yellow Leather Coin Purse  //  Small and Soft Change Pouch // Roam,https://www.etsy.com/listing/610285358/handmade-yellow-leather-coin-purse-small,41.5,USD,False,,4.9,4100,VillageLeathers,https://www.etsy.com/shop/VillageLeathers,https://i.etsystatic.com/13386300/r/il/d5ffab/7671874300/il_794xN.7671874300_gk61.jpg,2026-07-15T09:15:50.461Z,0.86
4462142701,Love and Deepspace Caleb AirPods Case Red Green Apple Earphone Cover,https://www.etsy.com/listing/4462142701/love-and-deepspace-caleb-airpods-case,20.74,USD,True,47.14,4.9,242,comicfive,https://www.etsy.com/shop/comicfive,https://i.etsystatic.com/54131344/r/il/827958/7740185866/il_794xN.7740185866_j6f2.jpg,2026-07-15T09:15:50.462Z,0.67
4401229306,Custom Company Logo ANC Bluetooth Earbuds Wireless Personalized Earphones Corporate Holiday Tech Gift Company Bulk Order Promotional,https://www.etsy.com/listing/4401229306/custom-company-logo-anc-bluetooth,50.0,USD,True,71.43,5.0,36,UniqueByMelody,https://www.etsy.com/shop/UniqueByMelody,https://i.etsystatic.com/62352630/r/il/41a957/7420925207/il_794xN.7420925207_stou.jpg,2026-07-15T09:15:50.462Z,0.14
4508245572,Milwaukee Airpod case Pro and Pro 3 | 3D Printed,https://www.etsy.com/listing/4508245572/milwaukee-airpod-case-pro-and-pro-3-3d,15.0,USD,False,,5.0,20,WillowOakleyCoShop,https://www.etsy.com/shop/WillowOakleyCoShop,https://i.etsystatic.com/64878470/r/il/cec995/8169341901/il_794xN.8169341901_dx2s.jpg,2026-07-15T09:15:50.462Z,0.06
4374539496,IEM Earphone Stand Version 1 – Display Stand,https://www.etsy.com/listing/4374539496/iem-in-ear-monitor-earphone-stand,17.0,USD,False,,4.9,73,Frisson3D,https://www.etsy.com/shop/Frisson3D,https://i.etsystatic.com/32557304/r/il/13232d/7271779817/il_794xN.7271779817_lr34.jpg,2026-07-15T09:15:50.462Z,0.22
4520413397,"Crochet Fish AirPods Pouch – Handmade Cotton Earbuds bag, Samsung Earbuds, Apple iPods or medicine case pouch",https://www.etsy.com/listing/4520413397/crochet-fish-airpods-pouch-handmade,20.0,USD,False,,5.0,89,craftsbyMichelleK,https://www.etsy.com/shop/craftsbyMichelleK,https://i.etsystatic.com/39093349/r/il/fba2be/8173759099/il_794xN.8173759099_bakz.jpg,2026-07-15T09:15:50.462Z,0.34
1456356080,For Airpod Pro 1 2 3 4 Case Cover Airpods Airtag Holder Pouch Pocket Keychain Protect Earpods earbuds Leather Personalized Custom Name Phone,https://www.etsy.com/listing/1456356080/for-airpod-pro-1-2-3-4-case-cover,13.19,USD,True,14.99,4.8,4600,SAMLuxuryCrafts,https://www.etsy.com/shop/SAMLuxuryCrafts,https://i.etsystatic.com/32518053/r/il/5b17b0/6824849099/il_794xN.6824849099_cj6q.jpg,2026-07-15T09:15:50.462Z,0.76
4314808991,IV Drip AirPods Case With Metal Stand Quirky IV Bag AirPods Holder Playful Apple Earbuds Case With Stand Holiday Gifts Creative AirPods Desk,https://www.etsy.com/listing/4314808991/iv-drip-airpods-case-with-metal-stand,43.18,USD,True,57.57,4.8,277,EpicBadgeVault,https://www.etsy.com/shop/EpicBadgeVault,https://i.etsystatic.com/58129299/r/il/553ec9/6958397065/il_794xN.6958397065_ttc9.jpg,2026-07-15T09:15:50.462Z,0.49
1669367533,Custom Leather AirPods Case - Personalized AirPod Cover for AirPods 1 3 4 Pro Charging Case Holder Personalized Earpods Gift Phone Accessory,https://www.etsy.com/listing/1669367533/custom-leather-airpods-case-personalized,29.25,USD,True,45.0,4.9,3800,XILACRATFS,https://www.etsy.com/shop/XILACRATFS,https://i.etsystatic.com/46218851/r/il/c84c00/5773592599/il_794xN.5773592599_r51e.jpg,2026-07-15T09:15:50.462Z,0.94
4406344693,Cross Diamond Bose Ultra open Jewelry: Earbud Charms Accessories,https://www.etsy.com/listing/4406344693/cross-diamond-bose-ultra-open-jewelry,69.37,USD,True,92.5,4.8,74,craigbaine,https://www.etsy.com/shop/craigbaine,https://i.etsystatic.com/55612807/r/il/dffa56/7405380390/il_794xN.7405380390_31b0.jpg,2026-07-15T09:15:50.462Z,0.35
4427479788,Leather AirPods pro 3 Case Cover 100% Genuine Cowhide Headphone 3rd case Holder Fully-Wrapped with Top Grain Leather Handmade Gift,https://www.etsy.com/listing/4427479788/leather-airpods-pro-3-case-cover-100,45.99,USD,True,61.32,4.9,451,CrazySmithLeather,https://www.etsy.com/shop/CrazySmithLeather,https://i.etsystatic.com/56336173/r/il/233fff/7833533434/il_794xN.7833533434_glgr.jpg,2026-07-15T09:15:50.462Z,0.63
4390575620,"Crochet pouch for earbuds, attachable to handbag. Mini handbag for Airpods case. Case with chain and hook, magnetic snap closure. Handmade.",https://www.etsy.com/listing/4390575620/crochet-pouch-for-earbuds-attachable-to,13.9,USD,False,,4.9,367,BCN2NYC,https://www.etsy.com/shop/BCN2NYC,https://i.etsystatic.com/12661375/r/il/f4980c/7879692666/il_794xN.7879692666_5oi0.jpg,2026-07-15T09:15:50.462Z,0.65
4382512180,Mystery Earbuds Bundle: Gaming + Noise Cancelling Wireless Earbuds,https://www.etsy.com/listing/4382512180/mystery-earbuds-bundle-gaming-noise,46.21,USD,False,,4.22,50,BlakeyFinds,https://www.etsy.com/shop/BlakeyFinds,https://i.etsystatic.com/62417439/r/il/f73c07/7262964932/il_794xN.7262964932_8f65.jpg,2026-07-15T09:15:50.462Z,0.32
4365896329,Personalized Vegan Leather AirPods Case: Monogrammed Earbuds Holder Keychain,https://www.etsy.com/listing/4365896329/personalized-vegan-leather-airpods-case,28.0,USD,False,,4.4,6,ArtisangiftsByMonica,https://www.etsy.com/shop/ArtisangiftsByMonica,https://i.etsystatic.com/61727784/r/il/d3f429/7181313802/il_794xN.7181313802_caqe.jpg,2026-07-15T09:15:50.462Z,0.1
4530287490,"Custom Leather AirPods Pro 3 Case, Shockproof Earbuds Pouch, Headphone case for AirPods Pro 1/2/3 , Leather Earphone Case, Earbud case",https://www.etsy.com/listing/4530287490/custom-leather-airpods-pro-3-case,24.5,USD,True,35.0,4.9,58,Foncrytalstone,https://www.etsy.com/shop/Foncrytalstone,https://i.etsystatic.com/59318383/r/il/1e82c5/8243087337/il_794xN.8243087337_kizd.jpg,2026-07-15T09:15:50.462Z,0.23
4349538441,Crochet Flower AirPods Case: Handmade Floral Earbud Pouch,https://www.etsy.com/listing/4349538441/crochet-flower-airpods-case-handmade,8.95,USD,True,19.88,4.8,110,VirnaCrochet,https://www.etsy.com/shop/VirnaCrochet,https://i.etsystatic.com/58806252/r/il/5615eb/7854429099/il_794xN.7854429099_qw5s.jpg,2026-07-15T09:15:50.462Z,0.36
