"currency","imageUrl","onSale","originalPrice","price","productId","rating","reviewCount","scrapedAt","shopName","shopUrl","title","url"
"USD","https://i.etsystatic.com/61090532/r/il/9c0905/7628263127/il_794xN.7628263127_cvc4.jpg","true","16","8","4437675861","0","0","2026-07-15T16:13:46.920Z","True2Store","https://www.etsy.com/shop/True2Store","Custom Any Initial or Logo Wax Seal Stamp Set, Personalized Wax Seal Kit for Gift, Letter Wax Seal Stamp Custom, Customized Wax Stamp Seal","https://www.etsy.com/listing/4437675861/custom-any-initial-or-logo-wax-seal"
"USD","https://i.etsystatic.com/34550107/r/il/32d19a/3975784712/il_794xN.3975784712_l6ha.jpg","true","17.4","8.7","1205894724","0","0","2026-07-15T16:13:46.920Z","AshokShopGifts","https://www.etsy.com/shop/AshokShopGifts","Custom wax seal stamp kit for wedding invitation , Custom wax stamp kit for gift , Wax seal kit , Initial wax seal stamp custom for gift","https://www.etsy.com/listing/1205894724/custom-wax-seal-stamp-kit-for-wedding"
"USD","https://i.etsystatic.com/45281305/r/il/45076e/5163183864/il_794xN.5163183864_sx8d.jpg","true","33.48","11.72","1539376261","0","0","2026-07-15T16:13:46.920Z","DianaWaxSealShop","https://www.etsy.com/shop/DianaWaxSealShop","Custom Wax Seal Logo Stickers,40+ Logo Series Designs,Handmade Self-Adhesive Wax Seals,Wedding Invitation Wax Seals,Wax Seal Stickers","https://www.etsy.com/listing/1539376261/custom-wax-seal-logo-stickers40-logo"
"USD","https://i.etsystatic.com/28887601/r/il/0c6bd0/5788638348/il_794xN.5788638348_b0zt.jpg","true","19.84","8.73","1425633543","0","0","2026-07-15T16:13:46.920Z","MrWoodAcry","https://www.etsy.com/shop/MrWoodAcry","Custom Wedding Wax Seal Stamp for Invite, Personalised Logo Wax Stamp Seal, Letter Wax Stamp, Initial Wax Seal, Couples Logo Wax Seal Kit","https://www.etsy.com/listing/1425633543/custom-wedding-wax-seal-stamp-for-invite"
"USD","https://i.etsystatic.com/47251483/r/il/b8ebe4/8191297101/il_794xN.8191297101_9fgj.jpg","true","21.84","16.38","4522857575","0","0","2026-07-15T16:13:46.920Z","InspirationClassique","https://www.etsy.com/shop/InspirationClassique","Custom Logo Wax Seal Stamp, Upload Your Design, Personalized Wax Stamp Kit for Wedding Invitations and Packaging","https://www.etsy.com/listing/4522857575/custom-logo-wax-seal-stamp-upload-your"
"USD","https://i.etsystatic.com/34529555/r/il/ca1ef9/7872351355/il_794xN.7872351355_lvl7.jpg","true","18","9","4474890020","0","0","2026-07-15T16:13:46.920Z","TamaraShopGB","https://www.etsy.com/shop/TamaraShopGB","Custom Any Logo or Initials Wax Seal Stamp Kit, Personalized Any Logo Wax Seal Kit with Melt Stove, Wedding Initials Wax Seal Stamp Set","https://www.etsy.com/listing/4474890020/custom-any-logo-or-initials-wax-seal"
"USD","https://i.etsystatic.com/36915661/r/il/e12777/6241917310/il_794xN.6241917310_85kj.jpg","true","22.52","9","1512219752","0","0","2026-07-15T16:13:46.920Z","KarlCustomizedStamp","https://www.etsy.com/shop/KarlCustomizedStamp","Custom Wax Stamp Kit, Custom Any Logo Wax Seal, Personalized Wax Seals, Custom Wax Seal Stamp Kit For Wedding Invitation, Wedding Wax Seal","https://www.etsy.com/listing/1512219752/custom-wax-stamp-kit-custom-any-logo-wax"
"USD","https://i.etsystatic.com/49044695/r/il/baf13e/5883334279/il_794xN.5883334279_k2vq.jpg","true","24.55","12.28","1694819557","0","0","2026-07-15T16:13:46.920Z","LeilaGiftCustomStore","https://www.etsy.com/shop/LeilaGiftCustomStore","Custom Wax Seal Stamp, Any Logo Personalized Wax Seals, Custom logo wax seal stamp kit for wedding invitation, Wedding wax seal kit","https://www.etsy.com/listing/1694819557/custom-wax-seal-stamp-any-logo"
"USD","https://i.etsystatic.com/22488781/r/il/f931df/7917541652/il_794xN.7917541652_kxvo.jpg","true","17.4","8.7","4446926546","0","0","2026-07-15T16:13:46.920Z","LifeTreeHappy","https://www.etsy.com/shop/LifeTreeHappy","Custom Wax Seal Stamp Kit – Personalized Initial or Logo Wax Stamp for Weddings, Gift, Letters, Customized Weddding Wax Seal Kit","https://www.etsy.com/listing/4446926546/custom-wax-seal-stamp-kit-personalized"
"USD","https://i.etsystatic.com/34549479/r/il/841db2/6194542905/il_794xN.6194542905_3wd4.jpg","true","17.2","8.6","1767129951","0","0","2026-07-15T16:13:46.921Z","StarryDiceShop","https://www.etsy.com/shop/StarryDiceShop","Custom Any Wedding Stamp, Handmade Couples Wedding Wax Seal Stamp Custom, Wax Seal Stamp for Personalized Gift, Custom Wedding Wax Seal Kit","https://www.etsy.com/listing/1767129951/custom-any-wedding-stamp-handmade"
"USD","https://i.etsystatic.com/29685279/r/il/0d8378/7423891955/il_794xN.7423891955_51jt.jpg","true","18","9","4401701991","0","0","2026-07-15T16:13:46.921Z","DIYStampDesign","https://www.etsy.com/shop/DIYStampDesign","Custom Couples Wedding Wax Seal Stamp Kit , Personalized Couples Wax Stamp Set for Weddings, Letters , Custom Any Logo Wax Seal Stamp Kit","https://www.etsy.com/listing/4401701991/custom-couples-wedding-wax-seal-stamp"
"USD","https://i.etsystatic.com/45814614/r/il/01115b/5280635659/il_794xN.5280635659_962v.jpg","true","18.81","11.29","1540119376","0","0","2026-07-15T16:13:46.921Z","DaphneWeddingArt","https://www.etsy.com/shop/DaphneWeddingArt","Custom Wedding Wax Seal Stickers, Handmade Wax Seals， Initial Wax Seals，Monogram Wax Seals, Self-Adhesive Wax Monogram Seals","https://www.etsy.com/listing/1540119376/custom-wedding-wax-seal-stickers"
"USD","https://i.etsystatic.com/20611249/r/il/dafe99/7153517936/il_794xN.7153517936_8m6f.jpg","true","36.01","32.41","1594754602","0","0","2026-07-15T16:14:11.552Z","OlivePaperieCo","https://www.etsy.com/shop/OlivePaperieCo","Custom Wax Seal Stamp | Custom Logo Wax Seal for Wedding Invitations, Business Brand Logo, Envelope Seal","https://www.etsy.com/listing/1594754602/custom-wax-seal-stamp-custom-logo-wax"
"USD","https://i.etsystatic.com/60636251/r/il/5de43e/7642114704/il_794xN.7642114704_462x.jpg","true","95.95","52.77","4447354941","0","0","2026-07-15T16:14:11.552Z","TimelessSeals","https://www.etsy.com/shop/TimelessSeals","Custom Family Crest Wax Seal Stamp, Personalized Coat of Arms Seal, Deep Engraved 3D Heraldic Stamp for Wedding Invitations","https://www.etsy.com/listing/4447354941/family-crest-wax-seal-custom-3d-engraved"
"USD","https://i.etsystatic.com/24225631/r/il/a17719/7658071670/il_794xN.7658071670_mswr.jpg","true","22","8.8","4369284427","0","0","2026-07-15T16:14:11.552Z","WeddingCouplesShop","https://www.etsy.com/shop/WeddingCouplesShop","Custom Wax Seal Stamp Kit for Wedding or Gifts , Personalised Couples Wedding Wax Stamp Seal Kit , Custom Any Letter or Logo Wax Seal Stamp","https://www.etsy.com/listing/4369284427/custom-wax-seal-stamp-kit-for-wedding-or"
"USD","https://i.etsystatic.com/60636251/r/il/ea35ef/7548817361/il_794xN.7548817361_m8zc.jpg","true","59.26","32.59","4422922804","0","0","2026-07-15T16:14:11.552Z","TimelessSeals","https://www.etsy.com/shop/TimelessSeals","Victorian Floral Custom Wax Seal Stamp - Personalized Monogram for Wedding Stationery, Gifts & Letters","https://www.etsy.com/listing/4422922804/victorian-floral-custom-wax-seal-stamp"
"USD","https://i.etsystatic.com/47251483/r/il/a6cf1f/6939406576/il_794xN.6939406576_sipi.jpg","true","21.14","15.85","1865141537","0","0","2026-07-15T16:14:11.552Z",,,"Custom Wax Seal Stamp: Metal Handle, Valentine's Day, Wedding","https://www.etsy.com/listing/1865141537/custom-wax-seal-stamp-metal-handle"
"USD","https://i.etsystatic.com/47251483/c/1254/1254/0/0/il/a6780f/8184642370/il_794xN.8184642370_j5kj.jpg","true","30.76","23.07","4528827092","0","0","2026-07-15T16:14:11.552Z",,,"Custom Scalloped Edge Wax Seal Stamp, Upload Your Logo, Personalized Stamp Kit for Wedding Invitations","https://www.etsy.com/listing/4528827092/custom-scalloped-edge-wax-seal-stamp"
"USD","https://i.etsystatic.com/46933448/r/il/3f5956/6066398041/il_794xN.6066398041_8dkf.jpg","true","24.27","9.71","1723747380","0","0","2026-07-15T16:14:11.552Z","AnnaWaxSealCraft","https://www.etsy.com/shop/AnnaWaxSealCraft","Custom Any Logo Stamp, Various Sizes Available, Round and Square Shape, Personalised Wax Seal Stamp, UK Delivered within 5-8 days","https://www.etsy.com/listing/1723747380/custom-any-logo-stamp-various-sizes"
"USD","https://i.etsystatic.com/35049259/r/il/b14019/4917810456/il_794xN.4917810456_gp94.jpg","true","33.75","13.5","1484730343","0","0","2026-07-15T16:14:11.552Z","ThoaiShopArt","https://www.etsy.com/shop/ThoaiShopArt","Custom Wax Seal Stamp Kit, Customized Stamp For Wedding, Custom Personalized Wax Stamp,Custom-made Wedding Seal Wax Stamp,Wax Seal Stamp Kit","https://www.etsy.com/listing/1484730343/custom-wax-seal-stamp-kit-customized"
"USD","https://i.etsystatic.com/36915661/r/il/c5700c/5972902068/il_794xN.5972902068_grvm.jpg","true","42.3","14.38","1727282247","0","0","2026-07-15T16:14:11.552Z","KarlCustomizedStamp","https://www.etsy.com/shop/KarlCustomizedStamp","Wax seals stickers, Custom logo wax sticker, Handmade wax seal stickers for wedding invitation, Self-Adhesive envelope wax stickers","https://www.etsy.com/listing/1727282247/wax-seals-stickers-custom-logo-wax"
"USD","https://i.etsystatic.com/22529968/r/il/0eaa77/6408288930/il_794xN.6408288930_k36h.jpg","true","18.96","8.72","1821589203","0","0","2026-07-15T16:14:11.552Z","GreatWaxStamp","https://www.etsy.com/shop/GreatWaxStamp","Custom Wax Seal Stamp Kit, Personalized Brass Initials Wax Stamp, Invitation Wax Stamp Set, Wedding Gift Supplies","https://www.etsy.com/listing/1821589203/custom-wax-seal-stamp-set-personalized"
"USD","https://i.etsystatic.com/21403867/r/il/c705c7/4116550311/il_794xN.4116550311_fmzj.jpg","true","8.85","7.08","843267181","0","0","2026-07-15T16:14:11.552Z","SusancraftsShop","https://www.etsy.com/shop/SusancraftsShop","Personalised Wax Seal Stamp ,Custom your own design Wax Seal Stamp, Personalized your own logo stamp, wedding wax seal, wax seal stamp kit","https://www.etsy.com/listing/843267181/personalised-wax-seal-stamp-custom-your"
"USD","https://i.etsystatic.com/43766469/r/il/34f6f8/6369172360/il_794xN.6369172360_qrpc.jpg","true","23.99","14.39","1714073293","0","0","2026-07-15T16:14:11.552Z","NymaeiaWaxCraft","https://www.etsy.com/shop/NymaeiaWaxCraft","Wax Seal Stamp Kit - Custom Initials, Monogram, Logo - Range of Sizes Available, Wax Stamp Kit for Gift","https://www.etsy.com/listing/1714073293/wax-seal-stamp-kit-custom-initials"
"USD","https://i.etsystatic.com/21991806/r/il/356f9f/5536554840/il_794xN.5536554840_8wdb.jpg","true","17","8.67","1604395304","0","0","2026-07-15T16:14:11.552Z","HappyStampShop","https://www.etsy.com/shop/HappyStampShop","Custom Wax Seal Stamp for Gifts, Personalized Wax Seal for Wedding Invitation, Initials Wax Seal Stamp Kit, Letter Wax Stamp Set","https://www.etsy.com/listing/1604395304/custom-wax-seal-stamp-for-gifts"
"USD","https://i.etsystatic.com/19432371/r/il/28c383/5145026660/il_794xN.5145026660_9cc9.jpg","true","28","14","1116051066","0","0","2026-07-15T16:14:11.552Z","WaxSealLABS","https://www.etsy.com/shop/WaxSealLABS","Custom Logo Wax Seal Stamp Kit - Custom Monogram Seals","https://www.etsy.com/listing/1116051066/custom-logo-wax-seal-stamp-personalized"
"USD","https://i.etsystatic.com/34529555/r/il/20e683/8039945448/il_794xN.8039945448_6cxy.jpg","true","19.8","9.9","4501886755","0","0","2026-07-15T16:14:11.552Z","TamaraShopGB","https://www.etsy.com/shop/TamaraShopGB","Custom Wedding Self-Adhesive Wax Seal Stickers, Handmade Initial Wax Seals, Personalized Monogram Wax Seals, Self-Adhesive Monogram Wax Seal","https://www.etsy.com/listing/4501886755/custom-wedding-self-adhesive-wax-seal"
"USD","https://i.etsystatic.com/57714054/r/il/8b797d/8053076741/il_794xN.8053076741_t6nl.jpg","true","18","9","4502713557","0","0","2026-07-15T16:14:11.552Z","DRAGONLEATHERWALLETS","https://www.etsy.com/shop/DRAGONLEATHERWALLETS","Custom Wax Seal Stamp Kit for Wedding Invitation, Wax Seal Set, Personalized Wax Stamp Kit for Gift , Wedding Wax Seal Stamp Kit Custom","https://www.etsy.com/listing/4502713557/custom-wax-seal-stamp-kit-for-wedding"
"USD","https://i.etsystatic.com/6558081/r/il/a00387/1842519772/il_794xN.1842519772_pmmg.jpg","true","21","10.5","684115950","0","0","2026-07-15T16:14:11.552Z","MakeYourCraft","https://www.etsy.com/shop/MakeYourCraft","Custom Wax Seal Stamp – Personalized Wedding Invitation, Logo Design (20-50mm Stamp) – No Tariffs","https://www.etsy.com/listing/684115950/custom-wax-seal-stamp-personalized"
"USD","https://i.etsystatic.com/13185167/r/il/9c367d/6979921917/il_794xN.6979921917_kcux.jpg","false",,"68","1088998878","0","0","2026-07-15T16:14:11.552Z","KlemensenUSA","https://www.etsy.com/shop/KlemensenUSA","Custom WAX SEAL Stamp | Family Crest | Wedding Invitations | Personal Gift | Corporate Branding | Family History","https://www.etsy.com/listing/1088998878/custom-wax-seal-stamp-family-crest"
"USD","https://i.etsystatic.com/17535065/r/il/ac0d1e/3725494989/il_794xN.3725494989_qg4r.jpg","true","31.5","26.77","1025133809","0","0","2026-07-15T16:14:11.552Z","PickledStamps","https://www.etsy.com/shop/PickledStamps","Top Selling Custom Logo Embosser Seal Stamp Your Own Design Personalized","https://www.etsy.com/listing/1025133809/top-selling-custom-logo-embosser-seal"
"USD","https://i.etsystatic.com/34010079/r/il/e95bc8/8206961272/il_794xN.8206961272_jug6.jpg","true","19.19","11.51","1311780215","0","0","2026-07-15T16:14:11.552Z","SianShopCrafts","https://www.etsy.com/shop/SianShopCrafts","Personalized Wax Seal Stamp Kit, Custom Monogram Wax Stamp Set with Wax Beads & Spoon, Wedding Invitations Seal Kit, Initial Gift","https://www.etsy.com/listing/1311780215/custom-wax-stamps-wax-seal-stamp-kit-wax"
"USD","https://i.etsystatic.com/22529968/r/il/e50064/6759997861/il_794xN.6759997861_hfun.jpg","true","25.46","11.71","1887525435","0","0","2026-07-15T16:14:11.552Z","GreatWaxStamp","https://www.etsy.com/shop/GreatWaxStamp","Custom Oval Shape Wax Seal Stamp, Oval Floral Wax Seal, Personalized Wax Seal, Wedding Flowers Wax Seal Kit, 21*30mm Oval Wax Stamp Seal","https://www.etsy.com/listing/1887525435/custom-oval-shape-wax-seal-stamp-oval"
"USD","https://i.etsystatic.com/6558081/r/il/1b7123/1851177538/il_794xN.1851177538_jdun.jpg","false",,"10.27","212533583","0","0","2026-07-15T16:14:11.552Z","MakeYourCraft","https://www.etsy.com/shop/MakeYourCraft","Custom Wax Seal Stamp - Personalized Sealing Wax Stamp - Wedding Invitation Wax Stamp Kit - Custom Monogram Wedding Seal - 20mm~50mm Stamp","https://www.etsy.com/listing/212533583/custom-wax-seal-stamp-personalized"
"USD","https://i.etsystatic.com/47335850/r/il/ab8912/5571630186/il_794xN.5571630186_87gl.jpg","true","19.47","8.56","1628061275","0","0","2026-07-15T16:14:11.552Z","Naviletshop","https://www.etsy.com/shop/Naviletshop","Wax Seal Stamp, Custom Wax Seals Set, Personalized Initials Stamp, Sealing Wax Stamp for weeding, 40+logo collection, Wedding Wax Seal Stamp","https://www.etsy.com/listing/1628061275/wax-seal-stamp-custom-wax-seals-set"
"USD","https://i.etsystatic.com/24225631/r/il/4b200f/8048104883/il_794xN.8048104883_pys4.jpg","true","26","10.4","4501950892","0","0","2026-07-15T16:14:11.552Z","WeddingCouplesShop","https://www.etsy.com/shop/WeddingCouplesShop","Custom Self-Adhesive Wax Seal Stickers, Personalized Monogram Initials Wax Seals Stickers,  Couples Wedding Self-Adhesive Wax Seal Stamp","https://www.etsy.com/listing/4501950892/custom-self-adhesive-wax-seal-stickers"
"USD","https://i.etsystatic.com/47335850/r/il/ff71bb/6241294133/il_794xN.6241294133_i2oc.jpg","true","33.89","13.56","1777468389","0","0","2026-07-15T16:14:11.553Z","Naviletshop","https://www.etsy.com/shop/Naviletshop","Custom logo wax seal sticker, Wax seal stickers, 72 colors 66 designs, Wax seals, Self-Adhesive backing stickers, Wedding Invitation sticker","https://www.etsy.com/listing/1777468389/custom-logo-wax-seal-sticker-wax-seal"
"USD","https://i.etsystatic.com/10429408/r/il/2a4b19/7139655850/il_794xN.7139655850_r9ew.jpg","false",,"13.99","1873839708","0","0","2026-07-15T16:14:11.553Z","sweetzakkahouse","https://www.etsy.com/shop/sweetzakkahouse","Custom Oval Monogram Wax Seal Stamp: Personalized Wedding Invitation Sealing Stamp,Wedding Logo Seals","https://www.etsy.com/listing/1873839708/custom-oval-monogram-wax-seal-stamp"
"USD","https://i.etsystatic.com/58688770/r/il/038a57/8071530439/il_794xN.8071530439_1bcd.jpg","true","12.44","4.35","4506174901","0","0","2026-07-15T16:14:11.553Z","TrueloveCreationsAU","https://www.etsy.com/shop/TrueloveCreationsAU","Custom Monogram Wax Seal Stickers, Wedding Invitation Seals, Personalized Self Adhesive Wax Seal for Envelopes, Initials Crest","https://www.etsy.com/listing/4506174901/custom-monogram-wax-seal-stickers"
"USD","https://i.etsystatic.com/56676229/r/il/35f947/7418095045/il_794xN.7418095045_c3pj.jpg","true","0.3","0.16","4324566510","0","0","2026-07-15T16:14:11.553Z","CraftsbyLenaShop","https://www.etsy.com/shop/CraftsbyLenaShop","Custom Wax Seal Stickers: Wedding Monogram, Logo, Self-Adhesive","https://www.etsy.com/listing/4324566510/custom-wax-seal-stickers-wedding"
"USD","https://i.etsystatic.com/22488781/r/il/c0920c/7954003599/il_794xN.7954003599_olfp.jpg","true","17.4","8.7","4301398960","0","0","2026-07-15T16:14:11.553Z","LifeTreeHappy","https://www.etsy.com/shop/LifeTreeHappy","Custom Wax Seal Stamp Kit – Personalized Initial or Logo Wax Stamp for Weddings, Gift, Letters, Custom Any Logo Wax Seal Set with Melt Stove","https://www.etsy.com/listing/4301398960/custom-wax-seal-stamp-kit-personalized"
"USD","https://i.etsystatic.com/48089407/r/il/be1712/5569599549/il_794xN.5569599549_45b0.jpg","true","19.75","10.67","1615116893","0","0","2026-07-15T16:14:11.553Z","NatalieCustomShop","https://www.etsy.com/shop/NatalieCustomShop","Custom Wax Seal Stamp Kit, Customize Any Logo, Custom Logo Stamp, Wedding Invitation Custom Stamp, Wax Seal Set, Premium stove box","https://www.etsy.com/listing/1615116893/custom-wax-seal-stamp-kit-customize-any"
"USD","https://i.etsystatic.com/7735613/r/il/48c844/5427867108/il_794xN.5427867108_3td6.jpg","true","18.58","15.8","1579828130","0","0","2026-07-15T16:14:11.553Z","HappyJewelrySupplies","https://www.etsy.com/shop/HappyJewelrySupplies","120 Designs, Custom Wax Seal Stamp, Custom Logo, Personalized Wax Seals, Logo Wax Seal Stamp Kit for Wedding Invitation,Wedding Wax Seal Kit","https://www.etsy.com/listing/1579828130/120-designs-custom-wax-seal-stamp-custom"
"USD","https://i.etsystatic.com/65585663/r/il/4187fc/7996416262/il_794xN.7996416262_e8nh.jpg","true","11.99","5.99","4501376052","0","0","2026-07-15T16:14:11.553Z","HandWroughtWonders","https://www.etsy.com/shop/HandWroughtWonders","Personalized Custom Wax Seal Kit, Custom Logo/Monogram Wax Stamp, Reusable Engraved Seal for Wedding Invitations, Stationery & Gift Wrapping","https://www.etsy.com/listing/4501376052/personalized-custom-wax-seal-kit-custom"
"USD","https://i.etsystatic.com/51876934/r/il/f3043d/6970880758/il_794xN.6970880758_dz0o.jpg","true","14.72","9.57","4326329059","0","0","2026-07-15T16:14:11.553Z","LinaCustomArtGifts","https://www.etsy.com/shop/LinaCustomArtGifts","Custom Wax Seal Kit For Wedding Invitation, Wax Stamp Kit For Gift, Initial Wax Seal Stamp, Wedding Wax Seal","https://www.etsy.com/listing/4326329059/custom-wax-seal-kit-for-wedding"
"USD","https://i.etsystatic.com/10657530/r/il/87c0c8/1252244334/il_794xN.1252244334_pttx.jpg","false",,"20","543848845","0","0","2026-07-15T16:14:11.553Z","GetMarked","https://www.etsy.com/shop/GetMarked","Customized Wax Seal Stamp  with Size/Shape Options (WS0384)","https://www.etsy.com/listing/543848845/customized-wax-seal-stamp-with-sizeshape"
"USD","https://i.etsystatic.com/21369524/r/il/f1549e/5233475059/il_794xN.5233475059_5ysy.jpg","false",,"22.5","731081492","0","0","2026-07-15T16:14:11.553Z","BeeImpressed","https://www.etsy.com/shop/BeeImpressed","Storybook Initial Personalized Wax Seal Stamp | Sealing Wax Stamp | Wax Stamp | Sealing Stamp","https://www.etsy.com/listing/731081492/storybook-initial-personalized-wax-seal"
"USD","https://i.etsystatic.com/52717001/r/il/9701c6/6871197469/il_794xN.6871197469_74kr.jpg","true","13.49","9.44","4297656421","0","0","2026-07-15T16:14:11.553Z","HeikHoos","https://www.etsy.com/shop/HeikHoos","Custom Name Wax Seal Stamp, Personalized Wedding Wax Seal Stamp, Leaves Design Wooden Wax Stamp, Wax Seal Card Stamp, Envelope Stamp","https://www.etsy.com/listing/4297656421/custom-name-wax-seal-stamp-personalized"
"USD","https://i.etsystatic.com/13803010/r/il/bf2f23/3508303832/il_794xN.3508303832_fdyv.jpg","true","19","12.35","1180869498","0","0","2026-07-15T16:14:11.553Z","AcornSalesCo","https://www.etsy.com/shop/AcornSalesCo","Custom Rubber Stamp Personalized Text | Acorn Stamps Rubber Seal & Custom Word Stamp for Business","https://www.etsy.com/listing/1180869498/custom-made-rubber-stamp-personalized"
"USD","https://i.etsystatic.com/50407915/r/il/4e9f36/6929407448/il_794xN.6929407448_815f.jpg","true","0.36","0.15","4318479660","0","0","2026-07-15T16:14:11.553Z","CraftsByPhilly","https://www.etsy.com/shop/CraftsByPhilly","Custom Wax Seal Stickers with Self Adhesive, Personalized Wedding Monogram, Logo","https://www.etsy.com/listing/4318479660/custom-wax-seal-stickers-with-self"
"USD","https://i.etsystatic.com/18418765/r/il/2548d8/1664712569/il_794xN.1664712569_cs2k.jpg","false",,"13.88","643266133","0","0","2026-07-15T16:14:11.553Z","StampWorking","https://www.etsy.com/shop/StampWorking","Custom Wax Seal Stamp - Personalized Sealing Wax Stamp - Wedding Invitation Wax Stamp Kit - Round Wax Seals Stamp 20, 22, 25, 30mm","https://www.etsy.com/listing/643266133/custom-wax-seal-stamp-personalized"
"USD","https://i.etsystatic.com/27397386/r/il/7a8db7/4751622430/il_794xN.4751622430_lq24.jpg","true","19.8","9.9","1431668236","0","0","2026-07-15T16:14:11.553Z","BrandIronCraftShop","https://www.etsy.com/shop/BrandIronCraftShop","Custom logo wax seal stamp kit for wedding invitation , Custom letter wax stamp kit , Wedding wax seal kit , Letter wax stamp kit custom","https://www.etsy.com/listing/1431668236/custom-logo-wax-seal-stamp-kit-for"
"USD","https://i.etsystatic.com/20611249/r/il/872845/7153480898/il_794xN.7153480898_k02o.jpg","true","62.02","55.82","4309003763","0","0","2026-07-15T16:14:11.553Z","OlivePaperieCo","https://www.etsy.com/shop/OlivePaperieCo","Custom Wax Seal Stamp Kit | Custom Logo for Wedding Invitations, Wedding Monogram, Business Logo, Personalized Initials","https://www.etsy.com/listing/4309003763/custom-wax-seal-stamp-kit-for-wedding"
"USD","https://i.etsystatic.com/18036291/r/il/27b1b2/3629635198/il_794xN.3629635198_1wpf.jpg","false",,"99.99","1154851190","0","0","2026-07-15T16:14:11.553Z","SterlingStripes","https://www.etsy.com/shop/SterlingStripes","Barry Monogram Wax Seals  | Floral Hydrangea Crest Self Adhesive Wax Seal Stickers","https://www.etsy.com/listing/1154851190/barry-monogram-wax-seals-floral"
"USD","https://i.etsystatic.com/6529970/r/il/daef01/3976333928/il_794xN.3976333928_qu3m.jpg","false",,"25.4","1197722535","0","0","2026-07-15T16:14:11.553Z","englishstamp","https://www.etsy.com/shop/englishstamp","Eco-Friendly Personalized Garden Wedding Invitation Rubber Stamp for DIY Stationery Crafting","https://www.etsy.com/listing/1197722535/eco-friendly-personalized-garden-wedding"
"USD","https://i.etsystatic.com/13911531/r/il/aeff9d/7953914406/il_794xN.7953914406_prik.jpg","true","9.99","7.49","1885584365","0","0","2026-07-15T16:14:11.553Z","EvrestPress","https://www.etsy.com/shop/EvrestPress","Address Stamp, Return Address Stamp, Custom Address Stamp, Self Inking Stamp, Personalized Stamp","https://www.etsy.com/listing/1885584365/return-address-stamp-custom-address"
"USD","https://i.etsystatic.com/47251483/c/1855/1855/352/352/il/a3c268/7510856826/il_794xN.7510856826_9129.jpg","true","22.33","16.74","4423170558","0","0","2026-07-15T16:14:32.538Z",,,"Luxury Wedding Wax Seal Stamp with 3D Embossed Border, Personalized Initial Seal for Invitations","https://www.etsy.com/listing/4423170558/luxury-wedding-wax-seal-stamp-with-3d"
"USD","https://i.etsystatic.com/47251483/r/il/19f6dd/8232903069/il_794xN.8232903069_427x.jpg","true","30.76","23.07","4528868329","0","0","2026-07-15T16:15:42.735Z",,,"Scalloped Edge Monogram Wax Seal Stamp, Choose a Template, Personalized Name and Date Stamp Kit","https://www.etsy.com/listing/4528868329/scalloped-edge-monogram-wax-seal-stamp"
"USD","https://i.etsystatic.com/21403867/r/il/30f00e/3558241684/il_794xN.3558241684_728d.jpg","true","9.05","7.24","1149497359","0","0","2026-07-15T16:15:42.735Z","SusancraftsShop","https://www.etsy.com/shop/SusancraftsShop","Custom Wax seal stamp with family last name,  Family Greetings Holiday Wax Seal Stamp,Personalized family stamp, envelop invitation gift","https://www.etsy.com/listing/1149497359/custom-wax-seal-stamp-with-family-last"
"USD","https://i.etsystatic.com/21991806/r/il/d3e7f9/6302547564/il_794xN.6302547564_ouad.jpg","true","20","10.2","1786433640","0","0","2026-07-15T16:15:42.810Z","HappyStampShop","https://www.etsy.com/shop/HappyStampShop","Custom 3D Wax Seal Stamp, Vintage Engraved Design, Relief Carving","https://www.etsy.com/listing/1786433640/custom-3d-wax-seal-stamp-vintage"
"USD","https://i.etsystatic.com/51003569/r/il/88b168/8017872926/il_794xN.8017872926_k8dj.jpg","true","24.5","8.82","4504933580","0","0","2026-07-15T16:15:42.810Z","MultiFunStudio","https://www.etsy.com/shop/MultiFunStudio","Custom Wedding Address Stamp Self Inking Personalized Return Address Stamp Calligraphy Rubber Stamp for Invitations","https://www.etsy.com/listing/4504933580/custom-wedding-address-stamp-self-inking"
"USD","https://i.etsystatic.com/47335850/r/il/9079f8/6014665052/il_794xN.6014665052_hj1c.jpg","true","33.89","13.56","1722890870","0","0","2026-07-15T16:15:42.810Z","Naviletshop","https://www.etsy.com/shop/Naviletshop","Custom Wax Stickers, 70+ Colors of Wax Seals With Self-adhesive Backing, Handmade Wax Seal Stickers, Custom Wax Seal, Invitation Wax Seals","https://www.etsy.com/listing/1722890870/custom-wax-stickers-70-colors-of-wax"
"USD","https://i.etsystatic.com/29239325/r/il/1889ff/6753222602/il_794xN.6753222602_sex9.jpg","true","15.98","11.98","1890037267","0","0","2026-07-15T16:15:42.810Z","xoxoSugarplum","https://www.etsy.com/shop/xoxoSugarplum","Cute Address Stamp, Return Address Stamp with Scalloped Border and Hearts, Self-Inking Wedding Invitation Stamp, Housewarming Gift","https://www.etsy.com/listing/1890037267/cute-address-stamp-return-address-stamp"
"USD","https://i.etsystatic.com/54019167/r/il/88b87d/6748299831/il_794xN.6748299831_kix0.jpg","true","0.25","0.11","1791962092","0","0","2026-07-15T16:15:42.810Z","MementAll","https://www.etsy.com/shop/MementAll","Custom Wax Seal Stickers, Self-Adhesive, Wedding Invitations, 60 Designs","https://www.etsy.com/listing/1791962092/custom-wax-seal-stickers-self-adhesive"
"USD","https://i.etsystatic.com/18991498/r/il/b46c6a/7163570057/il_794xN.7163570057_5kad.jpg","true","0.2","0.06","1618290579","0","0","2026-07-15T16:15:42.810Z","Cocodesignsupply","https://www.etsy.com/shop/Cocodesignsupply","Custom Wax Seals, Personalized Wax Seals Stickers, Handmade wax seal stickers, Self-Adhesive Wax Seal Stickers, Wedding Initials Wax Seals","https://www.etsy.com/listing/1618290579/custom-wax-seals-personalized-wax-seals"
"USD","https://i.etsystatic.com/51907897/r/il/253521/6783570334/il_794xN.6783570334_7mz1.jpg","true","16.6","11.62","1887325890","0","0","2026-07-15T16:15:42.811Z","JYCOUNTER","https://www.etsy.com/shop/JYCOUNTER","Custom Chocolate Stamp, Custom Personalized Chocolate Stamp, Custom Embossed Stamp, Custom Wedding Stamp, Custom Business Logo Stamp","https://www.etsy.com/listing/1887325890/custom-chocolate-stamp-custom"
"USD","https://i.etsystatic.com/24225631/r/il/175d48/8171509715/il_794xN.8171509715_rve0.jpg","true","26","10.4","4501951790","0","0","2026-07-15T16:15:42.811Z","WeddingCouplesShop","https://www.etsy.com/shop/WeddingCouplesShop","Custom Initials & Logo Self-Adhesive Wax Seal Stickers, Personalized Couples Wedding Self-Adhesive Wax Seal, Handmade Initials Wax Seals Kit","https://www.etsy.com/listing/4501951790/custom-initials-logo-self-adhesive-wax"
"USD","https://i.etsystatic.com/30942652/r/il/c8412a/8253988166/il_794xN.8253988166_4o8q.jpg","true","16","8","4496517904","0","0","2026-07-15T16:15:42.811Z","BluebirdINCUS","https://www.etsy.com/shop/BluebirdINCUS","Custom Wax Stamp, Custom Any Logo Wax Seal, Personalized Wedding Wax Seal Stamp, Stamp For Wedding Invitations, Monogram Initial Stample","https://www.etsy.com/listing/4496517904/custom-wax-stamp-custom-any-logo-wax"
"USD","https://i.etsystatic.com/22814942/r/il/5f9470/8170504149/il_794xN.8170504149_8zuw.jpg","true","19.25","11.55","4519953974","0","0","2026-07-15T16:15:42.811Z","ActuallyCustomStore","https://www.etsy.com/shop/ActuallyCustomStore","Custom Book Embosser – Personalized Library Stamp Book Lover Gift Library Embosser Stamp Book lover Gift Teacher, Reader Home Library Gift","https://www.etsy.com/listing/4519953974/custom-book-embosser-personalized"
"USD","https://i.etsystatic.com/46936815/r/il/4bb03b/7383661385/il_794xN.7383661385_vtfa.jpg","true","10","6","1736341936","0","0","2026-07-15T16:15:42.811Z","HandcraftedByStella","https://www.etsy.com/shop/HandcraftedByStella","Personalised Return Address Stamp – Self-Inking, Wood Handle & Embosser for Cards and Wedding","https://www.etsy.com/listing/1736341936/personalised-return-address-stamp-self"
"USD","https://i.etsystatic.com/20611249/r/il/8837d2/7332085508/il_794xN.7332085508_bhq1.jpg","true","32.01","28.81","4323581149","0","0","2026-07-15T16:15:42.811Z","OlivePaperieCo","https://www.etsy.com/shop/OlivePaperieCo","Custom Date Wax Seal Stamp: Wedding Invitations, Birthday & Special Events","https://www.etsy.com/listing/4323581149/custom-date-wax-seal-stamp-wedding"
"USD","https://i.etsystatic.com/22488781/r/il/66d434/8111063573/il_794xN.8111063573_r3yy.jpg","true","20","10","4511536922","0","0","2026-07-15T16:16:04.241Z","LifeTreeHappy","https://www.etsy.com/shop/LifeTreeHappy","Custom Wedding Wax Seal Stickers, Personalized Monogram Initials Wax Seals Stickers, Initials Self-Adhesive Wax Seal Stamp Kit","https://www.etsy.com/listing/4511536922/custom-wedding-wax-seal-stickers"
"USD","https://i.etsystatic.com/35368453/r/il/905868/6365576819/il_794xN.6365576819_prkx.jpg","true","250","225","1789422714","0","0","2026-07-15T16:16:04.242Z","HAjewellers","https://www.etsy.com/shop/HAjewellers","Custom Wax Seal Stamp: Personalized Monogram, Wedding Invitations","https://www.etsy.com/listing/1789422714/custom-wax-seal-stamp-personalized"
