"title","price","currency","originalPrice","isOnSale","rating","reviewCount","favorites","freeShipping","shopName","shopSales","yearsOnEtsy","starSeller","category","isAd","shopId","listingId","url","image/@context","image/@type","image/author","image/contentURL","image/description","image/thumbnail"
"Handmade Chess Board Set | Luxury Chess Board | Gift for him | Heavy Chess for Birthday/ Anniversary Gift with black leatherette box/Red Box","148.5","USD","270","true","4.8","79","1121",,"ArtTrendzCrafts","322","5","true","Toys & Games < Games & Puzzles < Board Games",,,"1686826957","https://www.etsy.com/listing/1686826957/handmade-chess-board-set-luxury-chess","https://schema.org","ImageObject","ArtTrendzCrafts","https://i.etsystatic.com/30522529/r/il/c2b0c8/8204408805/il_fullxfull.8204408805_o216.jpg","May include: A chess set featuring black pieces with gold-colored etched horizontal lines and metallic gold-colored pieces. The board has a black and gold-colored grid pattern. Text on the image reads: EXPRESS DELIVERY 3 - 4 BUSINESS DAYS.","https://i.etsystatic.com/30522529/r/il/c2b0c8/8204408805/il_340x270.8204408805_o216.jpg"
"Real Framed Death Head Moth Acherontia, Dried Butterfly Skull Moth Taxidermy Taxadermy , Oddity Insect Bug Wall Art , Black Gothic Decor","55.25","USD","65","true","4.9","18380","35448",,"Vinacreations4","71600","5","true","Home & Living < Home Decor < Home Accents < Taxidermy & Curiosities < Insects",,,"1330492802","https://www.etsy.com/listing/1330492802/real-framed-death-head-moth-acherontia","https://schema.org","ImageObject","Vinacreations4","https://i.etsystatic.com/26313173/r/il/c9a644/6299202940/il_fullxfull.6299202940_9gqm.jpg","May include: A framed black and yellow Death&#039;s Head Hawk Moth specimen with a skull-like pattern on its head. The frame has ornate silver corners and a small plaque that reads &quot;Death&#039;s Head Hawk Moth Vietnam&quot;.","https://i.etsystatic.com/26313173/c/1801/1801/88/158/il/c9a644/6299202940/il_340x270.6299202940_9gqm.jpg"
"Look ALike Doll, Custom Crochet Doll, Portrait Girl Doll, Amigurumi Crochet People, Portrait Doll, Family Portrait Doll, Couple Crochet Doll","3.37","USD","13.5","true","4.7","785","3762",,"HandmadeByTeeShop","4700","4","true","Toys & Games < Toys < Stuffed Animals & Plushies",,,"4361411641","https://www.etsy.com/listing/4361411641/look-alike-doll-custom-crochet-doll","https://schema.org","ImageObject","HandmadeByTeeShop","https://i.etsystatic.com/34562586/r/il/04991a/8025624478/il_fullxfull.8025624478_k7uq.jpg","May include: Two handmade crochet dolls standing side by side. The left doll has short black hair, a white floral button-down shirt, pink shorts, and brown shoes. The right doll has long brown hair and a brown dress with white shoes.","https://i.etsystatic.com/34562586/r/il/04991a/8025624478/il_340x270.8025624478_k7uq.jpg"
"Handmade Grigio Carnico Marble Look Porcelain Integrated Sink","2685","USD",,"false","4.8","105","114",,"EgeMarbleDesign","392","4","true","Home & Living < Bathroom < Bathroom Vanities",,,"1244541549","https://www.etsy.com/listing/1244541549/handmade-grigio-carnico-marble-look","https://schema.org","ImageObject","EgeMarbleDesign","https://i.etsystatic.com/35006234/r/il/a7ac09/3964645269/il_fullxfull.3964645269_48qw.jpg","Custom Porcelain Sink. Custom Marble Design. Bathroom Vanity. Marble Sink. Rectangular Marble Sink. Rectangular Porcelain Sink. Rectangular Marble Sink. Marble Vessel. Custom Sink. Carrara. Marble Sink Wall Mount. Marble Long Sink. Black Sink","https://i.etsystatic.com/35006234/r/il/a7ac09/3964645269/il_340x270.3964645269_48qw.jpg"
"Indian handmade patchwork kantha quilt hippie bedding bedspread boho bohemian vintage kantha blanket gudari king/twin size bed cover","15.97","USD","53.25","true","4.8","2311","7929",,"KhatuShyamStore","8100","4","true","Home & Living < Bedding < Blankets & Throws < Quilts",,,"1211115825","https://www.etsy.com/listing/1211115825/indian-handmade-patchwork-kantha-quilt","https://schema.org","ImageObject","KhatuShyamStore","https://i.etsystatic.com/33849615/r/il/052706/5520152189/il_fullxfull.5520152189_7q2p.jpg","May include: A colorful patchwork quilt made from repurposed fabric scraps. The quilt is a mix of bright colors and patterns, including floral, geometric, and paisley designs. The quilt is hanging on a fence and has a burgundy border.","https://i.etsystatic.com/33849615/r/il/052706/5520152189/il_340x270.5520152189_7q2p.jpg"
"Abstract Sculpture Set: Colorful Handmade Figures (Home Accents)","26.87","USD","44.78","true","4.6","373","3038",,"LUMIARTISANSTORY","2100",,"true","Home & Living < Home Decor < Home Accents",,,"4470115138","https://www.etsy.com/listing/4470115138/abstract-sculpture-set-colorful-handmade","https://schema.org","ImageObject","LUMIARTISANSTORY","https://i.etsystatic.com/64807638/r/il/7b02b0/7817547110/il_fullxfull.7817547110_j1px.jpg","May include: Three abstract human-shaped figurines sitting on a shelf edge. Each sculpture features a vibrant, multi-colored graffiti-style pattern with bold splashes of red, orange, blue, yellow, and black, depicting stylized seated poses.","https://i.etsystatic.com/64807638/r/il/7b02b0/7817547110/il_340x270.7817547110_j1px.jpg"
"Citrine & Pearl Ring: Handmade 925 Sterling Silver Flower Ring","38","USD","151.99","true","4.7","7265","9244",,"SasilverGems","28300","5","true","Jewelry < Rings < Statement Rings",,,"1739767242","https://www.etsy.com/listing/1739767242/citrine-pearl-ring-handmade-925-sterling","https://schema.org","ImageObject","SasilverGems","https://i.etsystatic.com/25393628/r/il/8ec30d/6137237417/il_fullxfull.6137237417_ldsi.jpg","May include: A silver and gold ring with a large oval-shaped citrine gemstone. The ring has a textured band with a floral design and two small pearl accents.","https://i.etsystatic.com/25393628/c/2100/1667/0/261/il/8ec30d/6137237417/il_340x270.6137237417_ldsi.jpg"
"Soft Neutral Whole House Paint Color Palette | Interior Paint Colors | Sherwin Williams | Agreeable Gray | Pure White | Neutral Home","20","USD",,"false","5","1","21",,"MakeshopFurnishings","270","2","true","Home & Living < Home Decor < Wall Decor",,,"1744073841","https://www.etsy.com/listing/1744073841/soft-neutral-whole-house-paint-color","https://schema.org","ImageObject","MakeshopFurnishings","https://i.etsystatic.com/49638559/r/il/b1150f/6311474065/il_fullxfull.6311474065_q12r.jpg","May include: Nine paint color swatches in round containers, arranged in three rows of three. The swatches are various shades of white, gray, and beige. The text &quot;Sherwin-Williams soft neutrals WHOLE HOUSE PAINT PALETTE&quot; is at the top of the image.","https://i.etsystatic.com/49638559/r/il/b1150f/6311474065/il_340x270.6311474065_q12r.jpg"
"Hug In A Box, Encouragement Gift, Mom Gift Set, Hygee Gift Box, Thinking Of You Box, Cozy Care Package, Self Care Basket, Blanket Gift Box","29.04","USD","33","true","4.8","21325","4581",,"UntieTheBowGifts","137300","4","true","Paper & Party Supplies < Paper < Gift Wrapping < Gift Boxes",,,"1762818535","https://www.etsy.com/listing/1762818535/hug-in-a-box-encouragement-gift-mom-gift","https://schema.org","ImageObject","UntieTheBowGifts","https://i.etsystatic.com/34523747/r/il/6e832c/8122924574/il_fullxfull.8122924574_plym.jpg",,"https://i.etsystatic.com/34523747/r/il/6e832c/8122924574/il_340x270.8122924574_plym.jpg"
"7x10 Vintage Turkish Rug, Beige Orange Medallion Carpet, Handmade Wool Area Rug, Traditional Anatolian Decor","594","USD","2200","true","4.9","204","5",,"OldRugsStore","828","4","true","Home & Living < Floor & Rugs < Rugs",,,"4515241899","https://www.etsy.com/listing/4515241899/7x10-vintage-turkish-rug-beige-orange","https://schema.org","ImageObject","OldRugsStore","https://i.etsystatic.com/36079539/r/il/c01b6e/8137429373/il_fullxfull.8137429373_inv6.jpg","May include: A large rectangular area rug featuring a complex floral and vine pattern in shades of cream, rust orange, and dark brown. The rug has a prominent central medallion and a wide, detailed border with intricate geometric and botanical motifs.","https://i.etsystatic.com/36079539/r/il/c01b6e/8137429373/il_340x270.8137429373_inv6.jpg"
"Gold Plated Chakra Stone Pendant Necklace, Seven Chakra Pave Necklace, Yoga Jewelry, Boho Rustic Necklace, Gift for her, Christmas Gift","18.52","USD","28.5","true","4.9","284","14617",,"PKJewelryNecklace","65","5","true","Jewelry < Necklaces < Pendant Necklaces",,,"4377728347","https://www.etsy.com/listing/4377728347/gold-plated-chakra-stone-pendant","https://schema.org","ImageObject","PKJewelryNecklace","https://i.etsystatic.com/55368172/r/il/4fff48/7287021177/il_fullxfull.7287021177_2bfl.jpg","Gold Plated Chakra Stones Pendant Necklace, Seven Chakra Pave Necklace, Yoga Jewelry, Boho Rustic Necklace, Gift for her, Christmas Gift","https://i.etsystatic.com/55368172/c/1526/1526/236/236/il/4fff48/7287021177/il_340x270.7287021177_2bfl.jpg"
"Shibori Silk Cuff Bracelet: Handmade Beaded Crystal Embroidery","250.76","USD","385.78","true","4.9","2999","855",,"JoJoJoanson","14500","13","true","Jewelry < Bracelets < Cuff Bracelets",,,"191643821","https://www.etsy.com/listing/191643821/shibori-silk-cuff-bracelet-handmade","https://schema.org","ImageObject","JoJoJoanson","https://i.etsystatic.com/7669296/r/il/26f963/1116051153/il_fullxfull.1116051153_7l11.jpg","May include: A colorful headband with a blue, pink, and green silk ribbon design. The headband is decorated with beads, pearls, and rhinestones.","https://i.etsystatic.com/7669296/r/il/26f963/1116051153/il_340x270.1116051153_7l11.jpg"
"Personalized Striped Apron with Pockets, Embroidered Baking Kitchenwear","20.78","USD","37.78","true","4.8","93","4045",,"WWDesignStudioGifts","7400","1","true","Accessories < Aprons",,,"4474496922","https://www.etsy.com/listing/4474496922/personalized-striped-apron-with-pockets","https://schema.org","ImageObject","WWDesignStudioGifts","https://i.etsystatic.com/58193013/r/il/dffe01/7869848301/il_fullxfull.7869848301_l4y5.jpg","May include: A striped apron in shades of blue and white hangs on a wooden hanger. The apron features a large beige pocket and the name &quot;Amelia&quot; embroidered in brown. The apron is designed with a ruffled edge and a pleated skirt.","https://i.etsystatic.com/58193013/r/il/dffe01/7869848301/il_340x270.7869848301_l4y5.jpg"
"Glass Cutting Board - Wildflowers Tempered Glass Chopping Board - Cheese and Charcuterie Glass Cutting Board - Kitchen Decor Gift Idea","39.37","USD","52.49","true","5","277","2028",,"JoyArtEmporium","1100","3","true","Home & Living < Kitchen & Dining < Cookware < Cutting Boards",,,"1827970976","https://www.etsy.com/listing/1827970976/glass-cutting-board-wildflowers-tempered","https://schema.org","ImageObject","JoyArtEmporium","https://i.etsystatic.com/43284389/r/il/f3afc6/7536852175/il_fullxfull.7536852175_tq29.jpg",,"https://i.etsystatic.com/43284389/r/il/f3afc6/7536852175/il_340x270.7536852175_tq29.jpg"
"Personalized Charcuterie Board Wildflower Wood Look Cutting Board Unique Wedding Gift For Couple Bridal Shower Gift Engagement Gift for Her","21","USD","28","true","4.4","3581","2694",,"TheBarvaCo","18200","10","true","Home & Living < Kitchen & Dining < Dining & Serving < Trays & Platters < Cheese & Charcuterie Boards",,,"4496857961","https://www.etsy.com/listing/4496857961/personalized-charcuterie-board","https://schema.org","ImageObject","TheBarvaCo","https://i.etsystatic.com/11928538/r/il/9047c1/7966560442/il_fullxfull.7966560442_rqbg.jpg","May include: A rectangular wooden serving board with a live edge and a floral resin design. The board features red poppies, white daisies, and other flowers. A large letter &quot;W&quot; is on the wooden side.","https://i.etsystatic.com/11928538/c/2631/2631/177/218/il/9047c1/7966560442/il_340x270.7966560442_rqbg.jpg"
"Custom Initial Wooden Door Hanger, Patriotic Floral Jar Front Door Decor","20.24","USD","26.99","true","4.6","614","397",,"SGCraftedJoy","3300","5","true","Home & Living < Home Decor < Wreaths & Door Hangers < Door Hangers",,,"4507527484","https://www.etsy.com/listing/4507527484/custom-initial-wooden-door-hanger","https://schema.org","ImageObject","SGCraftedJoy","https://i.etsystatic.com/54852640/r/il/9ca834/8035132224/il_fullxfull.8035132224_18hp.jpg","May include: A patriotic mason jar-shaped wreath with a blue and white gingham bow, filled with red, white, and blue flowers, stars, and an American flag. The jar features the letter &quot;M&quot; and the year &quot;1776&quot;.","https://i.etsystatic.com/54852640/r/il/9ca834/8035132224/il_340x270.8035132224_18hp.jpg"
"Hand Tufted Coral Branch Rug, Handmade Wool and silk Area Rug, Modern Beige & Gold Carpet for living room","360","USD","1200","true","4.6","7","19",,"TeppichDeOrienta","67","1","true","Home & Living < Floor & Rugs < Rugs",,,"4506165672","https://www.etsy.com/listing/4506165672/hand-tufted-coral-branch-rug-handmade","https://schema.org","ImageObject","TeppichDeOrienta","https://i.etsystatic.com/54362875/r/il/808e58/8026334306/il_fullxfull.8026334306_6fqc.jpg","May include: A large, rectangular area rug with a light gray background and a gold, tree-like design. The rug is placed in a living room setting with a sofa, chair, and artwork. The rug&#039;s dimensions are approximately 8 x 10 feet.","https://i.etsystatic.com/54362875/r/il/808e58/8026334306/il_340x270.8026334306_6fqc.jpg"
"Birth Month Glass Flower Bouquet, Hand Blown Glass Flower, Personalized Birth Flower Gift, Birthday Gift for Her","5.89","USD","11.78","true","4.7","39","562",,"TheBloomInTime","1200",,"true","Art & Collectibles < Glass Art < Glass Sculptures & Figurines",,,"4493265754","https://www.etsy.com/listing/4493265754/birth-month-glass-flower-bouquet-hand","https://schema.org","ImageObject","TheBloomInTime","https://i.etsystatic.com/65460908/r/il/9a3da3/7952679666/il_fullxfull.7952679666_4nly.jpg","May include: A clear glass vase containing a bouquet of multi-colored glass flowers. The arrangement features various blooms in shades of red, blue, yellow, white, and purple, each with green glass stems and leaves visible through the clear glass.","https://i.etsystatic.com/65460908/r/il/9a3da3/7952679666/il_340x270.7952679666_4nly.jpg"
"Luna moth butterfly suncatcher, stained glass window hangings, unique Christmas gift, gift for mom, handmade gift, modern home decor","39.96","USD","99.9","true","5","3459","65361",,"SunStainedGlassUA","11600","5","true","Art & Collectibles < Glass Art < Suncatchers",,,"1754875706","https://www.etsy.com/listing/1754875706/luna-moth-butterfly-suncatcher-stained","https://schema.org","ImageObject","SunStainedGlassUA","https://i.etsystatic.com/41221723/r/il/cf420b/6202887127/il_fullxfull.6202887127_j2e2.jpg","May include: A stained glass luna moth with teal wings, red and yellow accents, and a black antenna. The moth is held up by a black string. The wings have a detailed pattern. The moth is a decorative item.","https://i.etsystatic.com/41221723/c/3000/2382/0/366/il/cf420b/6202887127/il_340x270.6202887127_j2e2.jpg"
"Mens Tree Bark Wedding Band: Silver & 24k Gold Nature Ring","553.6","USD","692","true","5","34","662",,"IMarriJewelry","108","10","true","Jewelry < Rings < Wedding & Engagement < Wedding Bands",,,"658280743","https://www.etsy.com/listing/658280743/mens-tree-bark-wedding-band-silver-24k","https://schema.org","ImageObject","IMarriJewelry","https://i.etsystatic.com/12514055/r/il/c14111/2164938073/il_fullxfull.2164938073_64z6.jpg","May include: A silver ring with a textured, organic design. The ring is accented with gold leaf details.","https://i.etsystatic.com/12514055/c/1436/1142/540/546/il/c14111/2164938073/il_340x270.2164938073_64z6.jpg"
"Hand Block Print Cotton Quilt, Reversible Mughal Floral Bedspread, Vintage Boho Lightweight Cotton Oversize Comforter Blanket Gift For Home","52.5","USD","70","true","4.8","207","2238",,"RamaHomes","1100","5","true","Home & Living < Bedding < Blankets & Throws < Quilts",,,"4474951366","https://www.etsy.com/listing/4474951366/hand-block-print-cotton-quilt-reversible","https://schema.org","ImageObject","RamaHomes","https://i.etsystatic.com/24349856/r/il/181c0b/7872812039/il_fullxfull.7872812039_442j.jpg","May include: A cream-colored quilt with a floral pattern in yellow and green. The quilt is on a white bed with white pillows. A book and snacks are on the quilt. The quilt has a green and yellow border.","https://i.etsystatic.com/24349856/r/il/181c0b/7872812039/il_340x270.7872812039_442j.jpg"
"360 Flipping Quicksand Painting: Mountain Landscape Sand Art","20.97","USD","34.95","true","4.6","373","1180",,"LUMIARTISANSTORY","2100",,"true","Home & Living < Home Decor < Home Accents",,,"4467433840","https://www.etsy.com/listing/4467433840/360-degree-flipping-quicksand-painting","https://schema.org","ImageObject","LUMIARTISANSTORY","https://i.etsystatic.com/64807638/r/il/394f79/7817551042/il_fullxfull.7817551042_41x1.jpg","May include: A circular black frame holds a glass disc containing layers of blue, white, and orange sand that form mountain-like shapes. The frame is mounted on a rectangular black base, creating a dynamic sand art display that rotates within its stand.","https://i.etsystatic.com/64807638/r/il/394f79/7817551042/il_340x270.7817551042_41x1.jpg"
"Handmade Wooden Chess Set with Storage: Personalized Christmas Gift Storage Board Games, Metal Pieces","67.43","USD","134.86","true","4.9","643","7445",,"INTERIARTWOOD","6000","3","true","Toys & Games < Games & Puzzles < Board Games < Chess",,,"1439980111","https://www.etsy.com/listing/1439980111/handmade-wooden-chess-set-with-storage","https://schema.org","ImageObject","INTERIARTWOOD","https://i.etsystatic.com/41887259/r/il/d577bf/7580457743/il_fullxfull.7580457743_6orp.jpg",,"https://i.etsystatic.com/41887259/r/il/d577bf/7580457743/il_340x270.7580457743_6orp.jpg"
"Handmade Scented Soap Bar: Dragon fruit, Pomegranate, Citrus eucalyptus, Coffee Coconut and more","3.85","USD","7","true","4.8","8005","10368",,"CONCREATEdecor","50100","8","true","Bath & Beauty < Soaps < Bar Soaps",,,"768656512","https://www.etsy.com/listing/768656512/handmade-scented-soap-bar-dragon-fruit","https://schema.org","ImageObject","CONCREATEdecor","https://i.etsystatic.com/15249051/r/il/1b3fae/8028063577/il_fullxfull.8028063577_f33j.jpg","May include: An assortment of handmade soaps, each with unique colors and embedded botanicals. The soaps are arranged on a wooden board, showcasing a variety of designs, including orange slices, lavender, and rose petals. The soaps are rectangular and vary in color.","https://i.etsystatic.com/15249051/r/il/1b3fae/8028063577/il_340x270.8028063577_f33j.jpg"
"Handwoven Macrame Daisy Bracelet: Adjustable Braided Cotton Cord","19.42","USD","24.28","true","4.9","24","219",,"AuraGlowsStudio","205",,"true","Jewelry < Bracelets < Woven & Braided Bracelets < Friendship Bracelets",,,"4492733795","https://www.etsy.com/listing/4492733795/handwoven-macrame-daisy-bracelet","https://schema.org","ImageObject","AuraGlowsStudio","https://i.etsystatic.com/65313586/r/il/5c6bb3/7987080029/il_fullxfull.7987080029_sq8s.jpg","May include: A woven cord bracelet featuring a repeating pattern of small flowers in pastel shades of pink, light blue, and white with yellow centers. The bracelet has an adjustable sliding knot closure with two thin cords ending in small beads.","https://i.etsystatic.com/65313586/r/il/5c6bb3/7987080029/il_340x270.7987080029_sq8s.jpg"
"Cute Moth Necklace, Moth Wings With Pearl Jewelry, Insect Fairy Resin Moth Pendant, Gift For Her","26.08","USD","28.97","true","4.9","2040","32771",,"MyCallenaFly","10400","5","true","Jewelry < Rings < Statement Rings",,,"4371653841","https://www.etsy.com/listing/4371653841/cute-moth-necklace-moth-wings-with-pearl","https://schema.org","ImageObject","MyCallenaFly","https://i.etsystatic.com/54262094/r/il/4dd04c/7279752311/il_fullxfull.7279752311_89xx.jpg","May include: A delicate silver necklace featuring a butterfly pendant. The butterfly has iridescent wings with blue and gold accents. The necklace is a fine chain, and the pendant is centered.","https://i.etsystatic.com/54262094/c/1956/1956/224/224/il/4dd04c/7279752311/il_340x270.7279752311_89xx.jpg"
"Real Flower Birth Month Ring, Meaningful Keepsakes Ring, Customized Birthday Ring For Her,  Personalized Flower Birth Ring, Birch Wood Band","28","USD",,"false","4.5","12","220",,"LoveliBelle","62",,"true","Jewelry < Rings < Bands",,,"4490973898","https://www.etsy.com/listing/4490973898/real-flower-birth-month-ring-meaningful","https://schema.org","ImageObject","LoveliBelle","https://i.etsystatic.com/64416278/r/il/ef85a8/7972562819/il_fullxfull.7972562819_3k3x.jpg","May include: Two stacks of resin bangles, each showcasing a variety of dried flowers in shades of purple, pink, orange, and white. The bangles have a clear, glossy finish, and are stacked on a white background.","https://i.etsystatic.com/64416278/r/il/ef85a8/7972562819/il_340x270.7972562819_3k3x.jpg"
"3D Wooden Chess Set Handmade 40x40 cm – Elevated Chess Board 10 cm Height – Unique Chess Gift – Modern Wooden Chessboard","129.9","USD","199.85","true","4.7","12049","391",,"BKGift","51200","5","true","Toys & Games < Games & Puzzles < Board Games < Chess",,,"4487931328","https://www.etsy.com/listing/4487931328/3d-wooden-chess-set-handmade-40x40-cm","https://schema.org","ImageObject","BKGift","https://i.etsystatic.com/26259232/r/il/e41e5f/7914410192/il_fullxfull.7914410192_e8or.jpg","May include: A wooden chess set with a unique, tiered design. The chessboard is made of dark and light wood blocks, with chess pieces in contrasting light and dark tones. The set sits on a wooden coffee table with a black metal frame.","https://i.etsystatic.com/26259232/c/467/467/179/33/il/e41e5f/7914410192/il_340x270.7914410192_e8or.jpg"
"Handmade Fairy Leather Grimoire –Blank spell Book of Shadows Witchcraft Journal, Wiccan Pagan Notebook, Daily diary Magic Journal Gift","15.68","USD","48.99","true","4.8","3720","500",,"TajhandicraftGifts","15900","5","true","Books, Movies & Music < Books < Blank Books < Journals & Notebooks",,,"4421153857","https://www.etsy.com/listing/4421153857/handmade-fairy-leather-grimoire-blank","https://schema.org","ImageObject","TajhandicraftGifts","https://i.etsystatic.com/45670896/r/il/f019ac/7539800597/il_fullxfull.7539800597_a1qu.jpg","May include: A decorative journal with a fairy design on the cover. The cover features a fairy in a flowing red dress holding a flower, with intricate details and a brass clasp. The pages have a golden edge.","https://i.etsystatic.com/45670896/c/2250/2250/353/0/il/f019ac/7539800597/il_340x270.7539800597_a1qu.jpg"
"Personalized Birthstone Suncatcher, Forget Me Not Flower Suncatcher, Crystal Rainbow Maker, Memorial Window Hanging, Custom Gift for Mom","27.77","USD","34.71","true","5","301","380",,"HUGNOTE","1700",,"true","Art & Collectibles < Glass Art < Suncatchers",,,"4516290802","https://www.etsy.com/listing/4516290802/personalized-birthstone-suncatcher","https://schema.org","ImageObject","HUGNOTE","https://i.etsystatic.com/61919880/r/il/c8e635/8144565859/il_fullxfull.8144565859_j7qd.jpg","May include: A hanging suncatcher featuring a gold-toned chain with four textured circular rings. Two clear faceted crystal spheres are suspended within the rings, alongside a central circular pendant containing pressed blue forget-me-not flowers.","https://i.etsystatic.com/61919880/c/969/969/55/239/il/c8e635/8144565859/il_340x270.8144565859_j7qd.jpg"
"Aesthetic LED Jellyfish Lamp - Bedroom Night Lamp, Bedroom Night Light, Room And Home Decoration, Jellyfish Decor, Boho, Fantasy Nightlight","13.08","USD","26.18","true","4.5","244","9893",,"KimmysKawaiiCorner","1200","2","true","Home & Living < Lighting < Light Fixtures < Wall Lights < Night Lights",,,"4409664780","https://www.etsy.com/listing/4409664780/aesthetic-led-jellyfish-lamp-bedroom","https://schema.org","ImageObject","KimmysKawaiiCorner","https://i.etsystatic.com/50175758/r/il/92e270/7425750558/il_fullxfull.7425750558_paus.jpg","May include: Three hanging jellyfish decorations with illuminated LED lights. The jellyfish have translucent, flowing bodies in shades of pink, white, and green. The jellyfish are suspended from the ceiling, creating a whimsical and ethereal ambiance.","https://i.etsystatic.com/50175758/r/il/92e270/7425750558/il_340x270.7425750558_paus.jpg"
"Pastel Floral Quilted Cotton Tote Bag | Handmade Block Print Shopper | Eco Friendly Everyday Tote Handmade Gift for Her","20.56","USD","64.24","true","4.6","128","2497",,"JupkiCreation","1000",,"true","Bags & Purses < Totes",,,"4433421177","https://www.etsy.com/listing/4433421177/pastel-floral-quilted-cotton-tote-bag","https://schema.org","ImageObject","JupkiCreation","https://i.etsystatic.com/61563630/r/il/ccb60a/7602566483/il_fullxfull.7602566483_d37u.jpg","May include: A large tote bag with a floral pattern in pastel colors. The bag has a quilted design with a repeating pattern of flowers in pink, blue, and yellow. The handles and trim are a light yellow color.","https://i.etsystatic.com/61563630/r/il/ccb60a/7602566483/il_340x270.7602566483_d37u.jpg"
"Stylish Silver Ring*925 Starling Silver Ring*Handmade Ring*Unisex Ring*Gift For Her*Vintage Ring*Elegant Ring*Boho Ring*Gift For Christmas","8.47","USD","33.89","true","4.3","1302","689",,"RoyalRingsRaj","6100","3","true","Jewelry < Rings < Bands",,,"4392374414","https://www.etsy.com/listing/4392374414/stylish-silver-ring925-starling-silver","https://schema.org","ImageObject","RoyalRingsRaj","https://i.etsystatic.com/43419623/r/il/7f6989/6803804225/il_fullxfull.6803804225_f1z8.jpg","May include: A silver ring with a unique, layered design. The ring features three bands that are slightly wavy, creating an organic and textured look. The ring is shown on a finger against a dark background.","https://i.etsystatic.com/43419623/r/il/7f6989/6803804225/il_340x270.6803804225_f1z8.jpg"
"Handmade Stoneware Dinnerware Set: Rustic Matte Plates and Bowls","174.22","USD","212.46","true","4.8","124","1427",,"PotteryProps","604","5","true","Home & Living < Kitchen & Dining < Dining & Serving < Dinnerware Sets",,,"4351507057","https://www.etsy.com/listing/4351507057/handmade-stoneware-dinnerware-set-rustic","https://schema.org","ImageObject","PotteryProps","https://i.etsystatic.com/25671726/r/il/a3b048/7105868262/il_fullxfull.7105868262_e9cy.jpg","In the background, two dinner plates are in sharp focus, standing upright against a neutral wall. In the blurred foreground, a stack of plates, a clay block, and three bowls appear softly out of focus, creating depth. Each plate showcases the natural matte glaze and handcrafted texture of artisanal stoneware.","https://i.etsystatic.com/25671726/r/il/a3b048/7105868262/il_340x270.7105868262_e9cy.jpg"
"6x8 Afghan Sultani Rug, Handmade Wool Carpet, Oriental Turkman Design","888","USD","2400","true","5","4","4",,"realhandknottedrugs","10",,"true","Home & Living < Floor & Rugs < Rugs",,,"4387884317","https://www.etsy.com/listing/4387884317/6x8-luxury-sultani-rug-afghan-handmade","https://schema.org","ImageObject","realhandknottedrugs","https://i.etsystatic.com/61696050/r/il/9c000d/7339832659/il_fullxfull.7339832659_5j9f.jpg","May include: A large, rectangular, light blue rug with an intricate floral pattern in shades of red, brown, and beige. The rug has a detailed border and a fringed edge, suitable for home decor.","https://i.etsystatic.com/61696050/r/il/9c000d/7339832659/il_340x270.7339832659_5j9f.jpg"
"King Size Turkish Cotton Thick Muslin Comforter: 8-Layer Extra Soft Quilt","65.8","USD","140","true","4.9","667","18271",,"mkayatelierCo","7900","5","true","Home & Living < Bedding < Blankets & Throws < Throws",,,"1777534301","https://www.etsy.com/listing/1777534301/king-size-turkish-cotton-thick-muslin","https://schema.org","ImageObject","mkayatelierCo","https://i.etsystatic.com/44970367/r/il/b3f4ef/6193619590/il_fullxfull.6193619590_k59m.jpg","On the bed in front of the stone wall is a 5-ply muslin quilt. the soft muslin quilt contains natural fibres. muslin quilt made extra soft with different washing techniques will be the favourite of your bedroom","https://i.etsystatic.com/44970367/c/2833/2250/0/0/il/b3f4ef/6193619590/il_340x270.6193619590_k59m.jpg"
"Handmade Tomato Mug Made to Order!!","60","USD",,"false","5","93","9642",,"HoneysCeramicss","396","5","true","Art & Collectibles < Fine Art Ceramics",,,"1833624399","https://www.etsy.com/listing/1833624399/handmade-tomato-mug-made-to-order","https://schema.org","ImageObject","HoneysCeramicss","https://i.etsystatic.com/14317358/r/il/c3e1d5/6635148303/il_fullxfull.6635148303_br4i.jpg","May include: A white ceramic mug with a handle, featuring a hand-painted design of red tomatoes, yellow and green peppers, and other vegetables. ","https://i.etsystatic.com/14317358/r/il/c3e1d5/6635148303/il_340x270.6635148303_br4i.jpg"
"ugly pillow, custom ugly pillow for friend or pet, Hot Ugly Cat, pet pillow, gift for friend, valentines, body pillow, Mother&#39;s Day gift","8.87","USD","12.67","true","4.8","3187","59607",,"Ejbyportraitdesign","17400","2","true","Home & Living < Home Decor < Throw Pillows",,,"1763888664","https://www.etsy.com/listing/1763888664/ugly-pillow-custom-ugly-pillow-for","https://schema.org","ImageObject","Ejbyportraitdesign","https://i.etsystatic.com/52404190/r/il/c03071/6218204553/il_fullxfull.6218204553_pmcd.jpg","May include: A collection of personalized pillows featuring various faces, including cats, dogs, and people. The pillows are arranged on a couch with a black and white patterned fabric.","https://i.etsystatic.com/52404190/r/il/c03071/6218204553/il_340x270.6218204553_pmcd.jpg"
"Custom Toddler Backpack, Personalized Backpacks With Name Gift, Children&#39;s School Bag for Girls Boys Kids Preschool","11.2","USD","34.99","true","4.9","3657","11299",,"BabyShowerBasket","23800","11","true","Bags & Purses < Backpacks",,,"4352004983","https://www.etsy.com/listing/4352004983/custom-toddler-backpack-personalized","https://schema.org","ImageObject","BabyShowerBasket","https://i.etsystatic.com/10092049/r/il/c0c394/7108249492/il_fullxfull.7108249492_5qyw.jpg","May include: A dusty rose corduroy backpack with the name &quot;Stella&quot; in white script. The backpack features a front pocket with a zipper, decorative flower and cherry accents, and braided zipper pulls. The bag is designed for children.","https://i.etsystatic.com/10092049/c/1769/1769/115/115/il/c0c394/7108249492/il_340x270.7108249492_5qyw.jpg"
"Personalized Bunny Plush: Nursery Rabbit Doll, Daycare Stuffed Animal, Baby Girl Shower Gift","26.72","USD","66.8","true","4.6","359","6156",,"CradleArtStore","40800","2","true","Toys & Games < Toys < Stuffed Animals & Plushies < Bunny Rabbits",,,"4465754508","https://www.etsy.com/listing/4465754508/personalized-bunny-plush-toy-nursery","https://schema.org","ImageObject","CradleArtStore","https://i.etsystatic.com/51825848/r/il/300a64/7812549101/il_fullxfull.7812549101_3573.jpg","May include: A young child embraces three plush bunny rabbits. Each bunny has long ears with embroidered names: Aurene, Sophia, and Amelia. The bunnies are in shades of cream and tan, with decorative dresses and bows. The scene is set on a white rug.","https://i.etsystatic.com/51825848/c/2608/2608/195/195/il/300a64/7812549101/il_340x270.7812549101_3573.jpg"
"Handmade Crochet Bag, Lined & Pocketed Crossbody Bag, Colorful Granny Square Handbag, Boho Everyday Shoulder Bag","129","USD",,"false","5","1","8",,"SHYLAxStudios","2",,"true","Bags & Purses < Handbags < Shoulder Bags",,,"4444495092","https://www.etsy.com/listing/4444495092/handmade-crochet-bag-lined-pocketed","https://schema.org","ImageObject","SHYLAxStudios","https://i.etsystatic.com/63552563/r/il/6bf040/7671629035/il_fullxfull.7671629035_3odf.jpg","May include: Black handmade crochet bag with colorful square patterns. The bag has a boho chic style and features a variety of bright colors in each square. The bag has black straps and is carried over the shoulder.","https://i.etsystatic.com/63552563/r/il/6bf040/7671629035/il_340x270.7671629035_3odf.jpg"
"14K Gold Baguette Birthstone Ring: Dainty Stacking Ring","34.8","USD","58","true","4.7","513","9558",,"ReManCustomJewelry","3200","2","true","Jewelry < Rings < Multi-Stone Rings",,,"1797398683","https://www.etsy.com/listing/1797398683/14k-gold-baguette-birthstone-ring-dainty","https://schema.org","ImageObject","ReManCustomJewelry","https://i.etsystatic.com/53035056/r/il/b3d430/6741244190/il_fullxfull.6741244190_c1i5.jpg","May include: A delicate gold ring featuring a small, rectangular green gemstone. The ring&#039;s band is thin and simple, with the gemstone set horizontally in the center. The ring is shown on a finger, highlighting its minimalist design and elegant aesthetic.","https://i.etsystatic.com/53035056/c/634/634/282/282/il/b3d430/6741244190/il_340x270.6741244190_c1i5.jpg"
"California Poppy Stained Glass Bouquet, Home Decor, Set of 6","64.19","USD","106.99","true","4.8","298","11395",,"CharmedcreationsByHu","1900","1","true","Art & Collectibles < Glass Art < Suncatchers",,,"4324801665","https://www.etsy.com/listing/4324801665/california-poppy-stained-glass-bouquet","https://schema.org","ImageObject","CharmedcreationsByHu","https://i.etsystatic.com/59327978/r/il/a61370/7083208567/il_fullxfull.7083208567_e94t.jpg","May include: A light blue vase holds a bouquet of orange and red artificial flowers. The flowers have a detailed design. A gold candlestick, a gold goblet, and an open book are on a dark wooden surface.","https://i.etsystatic.com/59327978/c/818/818/85/23/il/a61370/7083208567/il_340x270.7083208567_e94t.jpg"
"Personalized Travel Jewelry Box, Floral PU Leather Mini Organizer Case, Custom Name Bridesmaid Gift, Birthday & Holiday Gift for Women","1.5","USD","3","true","4.6","2470","12128",,"zyhomes","26800","1","true","Jewelry < Jewelry Storage < Jewelry Boxes",,,"4340485687","https://www.etsy.com/listing/4340485687/personalized-floral-leather-travel","https://schema.org","ImageObject","zyhomes","https://i.etsystatic.com/58048186/r/il/6a8fb0/7095414533/il_fullxfull.7095414533_o0gp.jpg","May include: A collection of personalized jewelry cases in various colors, including beige, gray, blue, and pink. Each case features a floral design and a name. One case is open, displaying jewelry.","https://i.etsystatic.com/58048186/r/il/6a8fb0/7095414533/il_340x270.7095414533_o0gp.jpg"
"Leather Cash Wallet, Slim Card & Cash Holder, Handmade Minimalist Wallet, Front Pocket, Flap Wallet, Personalized Wallet, Everyday Wallet","59.6","USD","74.5","true","4.9","785","2004",,"LeatherLabStudioCo","4400","1","true","Bags & Purses < Wallets & Money Clips < Wallets",,,"4303632778","https://www.etsy.com/listing/4303632778/leather-cash-wallet-slim-card-cash","https://schema.org","ImageObject","LeatherLabStudioCo","https://i.etsystatic.com/59394952/r/il/ce701e/6902155165/il_fullxfull.6902155165_9p4v.jpg","A brown leather wallet with a flap closure. The wallet has a distressed look and is made of high-quality leather.","https://i.etsystatic.com/59394952/c/2249/2249/0/100/il/ce701e/6902155165/il_340x270.6902155165_9p4v.jpg"
"Handmade Wooden Bird Ornament, Hand Crafted Birds, Home Decor, Christmas Ornament, Artisan bird Decor, Wood Nature Decor, Bird Lover Gift","22.62","USD","37.7","true","4.9","1043","15037",,"TranquilTreasurGoods","5200","5","true","Art & Collectibles < Sculpture < Figurines",,,"4318363587","https://www.etsy.com/listing/4318363587/handmade-wooden-bird-ornament-hand","https://schema.org","ImageObject","TranquilTreasurGoods","https://i.etsystatic.com/56155461/r/il/98c3e6/6928699340/il_fullxfull.6928699340_7n4i.jpg","May include: A hanging mobile featuring six hand-painted wooden bird ornaments in various colors. The birds are connected by small metal chains and a brown leather cord. The birds are painted in shades of blue, green, white, yellow, gray, and orange.","https://i.etsystatic.com/56155461/r/il/98c3e6/6928699340/il_340x270.6928699340_7n4i.jpg"
"Custom Leather Journal Set, Personalized Notebook with Pen, Birth Month Flower Gift, Birthday Gift, Graduation Gifts, Thank You Teacher Gift","10.8","USD","21.6","true","4.6","59","931",,"Youlikeiticanmakeit","908",,"true","Books, Movies & Music < Books < Blank Books < Journals & Notebooks",,,"4486243586","https://www.etsy.com/listing/4486243586/custom-leather-journal-set-personalized","https://schema.org","ImageObject","Youlikeiticanmakeit","https://i.etsystatic.com/63779072/r/il/af4665/7944682189/il_fullxfull.7944682189_6pc9.jpg","May include: A green leather journal with a floral design and the name &quot;Sophia&quot; is displayed in a gift box. The set includes a pen and a pen refill. A gold-colored clip and a tag are also included.","https://i.etsystatic.com/63779072/r/il/af4665/7944682189/il_340x270.7944682189_6pc9.jpg"
"99-Bead Jet Stone Tasbeeh: Sterling Silver Esma-ul Husna Islamic Prayer Beads - Dhikr Tasbih - Collectible","3186.07","USD",,"false","4.5","12","26",,"TasbeehAtelier","83","5","true","Home & Living < Spirituality & Religion < Prayer Beads & Charms < Prayer Beads",,,"4344447287","https://www.etsy.com/listing/4344447287/99-bead-jet-stone-tasbeeh-sterling","https://schema.org","ImageObject","TasbeehAtelier","https://i.etsystatic.com/27469544/r/il/d3ed37/7142172417/il_fullxfull.7142172417_sxu6.jpg","May include: Black prayer beads with white Arabic calligraphy. The beads are oval-shaped and strung together, with a decorative silver tassel and a silver bead at the end. The background is blurred, with a warm, golden hue.","https://i.etsystatic.com/27469544/r/il/d3ed37/7142172417/il_340x270.7142172417_sxu6.jpg"
"Handmade Notebook|Fabric Notebook|Woven Dairy Notebook|Notepad for Writer|Notebook for Writer|Kilim Journal|Handmade Dairy|Carpet Pattern","24.99","USD","49.98","true","4.8","984","14131",,"AkasiaJewelryAndGift","4700","5","true","Books, Movies & Music < Books < Blank Books < Journals & Notebooks",,,"1688719594","https://www.etsy.com/listing/1688719594/handmade-notebookfabric-notebookwoven","https://schema.org","ImageObject","AkasiaJewelryAndGift","https://i.etsystatic.com/25865678/r/il/2fecb3/6965034136/il_fullxfull.6965034136_kdim.jpg",,"https://i.etsystatic.com/25865678/r/il/2fecb3/6965034136/il_340x270.6965034136_kdim.jpg"
"Personalized Mens Woven Leather Bracelet, Custom Couple Bracelet, Adjustable Bracelet, Christmas Father&#39;s Day Gift for Dad Boyfriend Husband","19.99","USD","39.99","true","4.9","3861","16252",,"MerryloveUS","27700","3","true","Jewelry < Bracelets < Beaded Bracelets",,,"1783606818","https://www.etsy.com/listing/1783606818/personalized-mens-woven-leather-bracelet","https://schema.org","ImageObject","MerryloveUS","https://i.etsystatic.com/42339742/r/il/42aa74/6336785899/il_fullxfull.6336785899_fouo.jpg","May include: Black braided bracelet with silver beads. The beads are engraved with family icons, the name &quot;James&quot;, and a heart symbol with the name &quot;Sara&quot;. The bracelet has an adjustable sliding knot closure.","https://i.etsystatic.com/42339742/c/1928/1928/184/104/il/42aa74/6336785899/il_340x270.6336785899_fouo.jpg"
"hand forged chef knives set Kitchen knife set handmade knives Best quality damascus kitchen knife anniversary gift for her Mothers day gift","109.75","USD","439","true","4.9","1093","180",,"ProAction","3600","7","true","Home & Living < Kitchen & Dining < Cookware < Cutlery & Knives < Knives",,,"726196558","https://www.etsy.com/listing/726196558/hand-forged-chef-knives-set-kitchen","https://schema.org","ImageObject","ProAction","https://i.etsystatic.com/18757020/r/il/154a2e/2071544075/il_fullxfull.2071544075_rwbg.jpg","May include: A set of five Damascus steel kitchen knives with dark brown wooden handles, displayed in a brown leather knife roll. The blades have a unique patterned design. The knife roll has a strap closure.","https://i.etsystatic.com/18757020/r/il/154a2e/2071544075/il_340x270.2071544075_rwbg.jpg"
"Labradorite Moonstone Earrings: Handmade 925 Sterling Silver Jewelry","14.95","USD","49.83","true","4.5","5107","741",,"UsaRingStore","20000","11","true","Jewelry < Earrings < Dangle & Drop Earrings",,,"1771968793","https://www.etsy.com/listing/1771968793/labradorite-moonstone-earrings-handmade","https://schema.org","ImageObject","UsaRingStore","https://i.etsystatic.com/9433414/r/il/e147b1/8170860039/il_fullxfull.8170860039_h9uv.jpg","May include: A pair of silver earrings featuring a round dark blue labradorite stone and a pear-shaped iridescent moonstone. The stones are set in decorative silver metalwork with curved wire hooks. The text UsaRingStore is visible on the right.","https://i.etsystatic.com/9433414/r/il/e147b1/8170860039/il_340x270.8170860039_h9uv.jpg"
"Handmade Buffalo Leather Messenger Crossbody Briefcase Office Laptop bag Rustic Vintage  Handbag Work and Travel Unisex Bag Valentines Gift","73","USD","146","true","4.8","2500","11355",,"WickedCityArt","8600","6","true","Bags & Purses < Messenger Bags",,,"781861581","https://www.etsy.com/listing/781861581/handmade-buffalo-leather-messenger","https://schema.org","ImageObject","WickedCityArt","https://i.etsystatic.com/20593169/r/il/5296df/5792669643/il_fullxfull.5792669643_8pdb.jpg","May include: A distressed brown leather messenger bag with a flap closure, two front pockets, and a shoulder strap. The bag features brass-colored buckles and a top handle. The leather has a worn, textured appearance.","https://i.etsystatic.com/20593169/r/il/5296df/5792669643/il_340x270.5792669643_8pdb.jpg"
"Handmade Wool Felt Mouse Ornament,Cute Felted Mouse Figurine,Christmas & Thanksgiving Holiday Gift, Cozy Home Decor","12.29","USD","24.57","true","4.4","298","342",,"Kidsblanket561","2000","1","true","Art & Collectibles < Fiber Arts < Felting",,,"4446376979","https://www.etsy.com/listing/4446376979/handmade-wool-felt-mouse-ornamentcute","https://schema.org","ImageObject","Kidsblanket561","https://i.etsystatic.com/57173866/r/il/3d7d29/7683734083/il_fullxfull.7683734083_4wqd.jpg","May include: A handcrafted mouse figurine wearing a pink dress, hat, and shoes, holding a small bouquet of flowers. The mouse has a long tail and is standing on a stone path surrounded by flowers and greenery.","https://i.etsystatic.com/57173866/r/il/3d7d29/7683734083/il_340x270.7683734083_4wqd.jpg"
"Handmade Sterling Silver Stacking Ring Set, Boho Minimalist Rings","19.8","USD","65.99","true","4.3","967","12948",,"Jewelleryvillanew","5600","3","true","Jewelry < Rings < Statement Rings",,,"4406996827","https://www.etsy.com/listing/4406996827/handmade-sterling-silver-stacking-ring","https://schema.org","ImageObject","Jewelleryvillanew","https://i.etsystatic.com/43065655/r/il/95b342/7614989491/il_fullxfull.7614989491_oo2h.jpg",,"https://i.etsystatic.com/43065655/c/2155/2155/228/120/il/95b342/7614989491/il_340x270.7614989491_oo2h.jpg"
"3D Heart Charm Necklace, Minimalist Heart Pendent Necklace, Custom Initial Heart Bracelet, Personalized Jewelry, Mother&#39;s Day Gift for Her","13.8","USD","27.61","true","4.9","57363","8796",,"AnyaShopStudio","341200","4","true","Jewelry < Necklaces < Charm Necklaces",,,"4378586246","https://www.etsy.com/listing/4378586246/3d-heart-charm-necklace-minimalist-heart","https://schema.org","ImageObject","AnyaShopStudio","https://i.etsystatic.com/34379934/r/il/e61e20/7380647909/il_fullxfull.7380647909_dcmj.jpg","May include: A delicate gold necklace featuring two small heart pendants. Each heart pendant has a single initial engraved on it. The necklace is shown against a blurred background.","https://i.etsystatic.com/34379934/c/1562/1562/255/299/il/e61e20/7380647909/il_340x270.7380647909_dcmj.jpg"
"Scandinavian Handmade Pendant Light | Modern Nordic Macrame Ceiling Lamp | Handmade Cotton Rope Chandelier","299.99","USD","399.99","true","4.4","39","7",,"Macramelif","178","7","true","Home & Living < Lighting < Light Fixtures < Ceiling Lights < Chandeliers",,,"4494101843","https://www.etsy.com/listing/4494101843/scandinavian-handmade-pendant-light","https://schema.org","ImageObject","Macramelif","https://i.etsystatic.com/19905871/r/il/501273/8118948330/il_fullxfull.8118948330_3ey0.jpg","May include: A pendant light fixture featuring two overlapping, petal-shaped shades constructed from tightly wound beige and tan cord. The fixture hangs from a white ceiling mount by a thin white cord and includes a single exposed Edison-style bulb.","https://i.etsystatic.com/19905871/r/il/501273/8118948330/il_340x270.8118948330_3ey0.jpg"
"Emerald Engagement Ring- Engagement Ring-Emerald and Diamond Engagement Ring-Platinum Gold Emerald Engagement Ring-Handmade to Order","3454.14","USD",,"false","4.9","424","53",,"DiorahJewellery","1700","10","true","Jewelry < Rings < Wedding & Engagement < Engagement Rings",,,"596396329","https://www.etsy.com/listing/596396329/emerald-engagement-ring-engagement-ring","https://schema.org","ImageObject","DiorahJewellery","https://i.etsystatic.com/12161748/r/il/62b619/1887191877/il_fullxfull.1887191877_rxi3.jpg","May include: A silver ring with a large emerald green gemstone surrounded by smaller diamonds.","https://i.etsystatic.com/12161748/c/1818/1443/603/733/il/62b619/1887191877/il_340x270.1887191877_rxi3.jpg"
"Handmade Crochet Halloween Crop Top: Colorful Cotton Bustier","100","USD",,"false","4.8","164","114",,"giZZdesign","571","14","true","Clothing < Women's Clothing < Tops & Tees < Crop & Tube Tops < Crop Tops",,,"1560672599","https://www.etsy.com/listing/1560672599/handmade-crochet-halloween-crop-top","https://schema.org","ImageObject","giZZdesign","https://i.etsystatic.com/6485137/r/il/a3744e/5332081757/il_fullxfull.5332081757_py1i.jpg","May include: A handmade crochet halter top featuring Halloween-themed motifs. The top is black with colorful appliqu&eacute;s of a skull, eyeball, spider, and pumpkin. The top is displayed on a mannequin.","https://i.etsystatic.com/6485137/r/il/a3744e/5332081757/il_340x270.5332081757_py1i.jpg"
"Solid Wood End Table | Handmade Walnut Side Table | Round Accent Table | Mid Century Modern Drink Table | Plant Stand","70","USD",,"false","4.9","138","55",,"AlymackByMcLeod","506",,"true","Home & Living < Furniture < Living Room Furniture < Coffee & End Tables < End Tables",,,"4517297959","https://www.etsy.com/listing/4517297959/solid-wood-end-table-handmade-walnut","https://schema.org","ImageObject","AlymackByMcLeod","https://i.etsystatic.com/61421468/r/il/bae66a/8151624157/il_fullxfull.8151624157_s7u6.jpg","May include: A round, dark brown solid wood side table with three tapered legs. The text above the table reads SOLID WOOD, NO VENEERS, NO MDF. The wood grain is visible on the circular tabletop, showcasing a natural, deep brown finish throughout.","https://i.etsystatic.com/61421468/r/il/bae66a/8151624157/il_340x270.8151624157_s7u6.jpg"
"Ceramic Animal Wind Chime Handmade Owl Fox Hedgehog Garden Decor Cottagecore Outdoor Gift","13.96","USD","42.3","true","4.4","405","92",,"ChimeAura","2100",,"true","Home & Living < Outdoor & Gardening < Garden Decoration",,,"4514538252","https://www.etsy.com/listing/4514538252/ceramic-animal-wind-chime-handmade-owl","https://schema.org","ImageObject","ChimeAura","https://i.etsystatic.com/63418448/r/il/195585/8132445437/il_fullxfull.8132445437_92y0.jpg","May include: Six hanging animal ornaments suspended from a wooden branch by twine. The figures include a brown otter, an orange and white fox, a brown bear, a cream-colored owl, a white sheep with black curly wool, and a tan hedgehog with brown spines.","https://i.etsystatic.com/63418448/r/il/195585/8132445437/il_340x270.8132445437_92y0.jpg"
"100% Pure Copper Bead Bracelet • Solid Stretch Handmade Jewelry USA","9.99","USD",,"false","4.9","11801","115",,"MagnoliaBeadCompany","71300","9","true","Craft Supplies & Tools",,,"4494527137","https://www.etsy.com/listing/4494527137/100-pure-copper-bead-bracelet-solid","https://schema.org","ImageObject","MagnoliaBeadCompany","https://i.etsystatic.com/14063659/r/il/f27edc/8107784481/il_fullxfull.8107784481_4bvg.jpg","100% Pure Copper Bead Bracelet • Solid Stretch Handmade Jewelry USA","https://i.etsystatic.com/14063659/r/il/f27edc/8107784481/il_340x270.8107784481_4bvg.jpg"
"Unique Handmade Wooden Heart Pendant - Natural Wood Jewelry","34","USD",,"false","5","42","59",,"BandurakStore","137","5","true","Jewelry < Necklaces < Pendant Necklaces",,,"1811862357","https://www.etsy.com/listing/1811862357/unique-handmade-wooden-heart-pendant","https://schema.org","ImageObject","BandurakStore","https://i.etsystatic.com/20643550/r/il/31a925/6360060600/il_fullxfull.6360060600_qd3v.jpg","May include: A wooden heart pendant necklace with a white inlay. The heart-shaped pendant is a rich brown color and hangs from a black cord necklace. The necklace has a small, round, orange bead near the clasp.","https://i.etsystatic.com/20643550/r/il/31a925/6360060600/il_340x270.6360060600_qd3v.jpg"
"Hexagon Moss Agate Ring: Vintage Twig Sterling Silver Wedding Band","39.99","USD","99.98","true","4.5","121","10141",,"ForeverJewelriesCo","1900","3","true","Jewelry < Rings < Statement Rings",,,"1786632000","https://www.etsy.com/listing/1786632000/hexagon-moss-agate-ring-vintage-twig","https://schema.org","ImageObject","ForeverJewelriesCo","https://i.etsystatic.com/38345266/r/il/c5c762/6303816882/il_fullxfull.6303816882_10xd.jpg","May include: A silver ring with a green and white agate gemstone set in a geometric shape. The ring features a delicate branch design with a small clear stone accent.","https://i.etsystatic.com/38345266/r/il/c5c762/6303816882/il_340x270.6303816882_10xd.jpg"
"Gold Wedding Band  / Minimal 14K Gold Wedding Ring / Uneven Wavy Promise Ring  / Handmade Jewelry For Wedding","342","USD","380","true","4.9","42427","590",,"FerkosFineJewelry","166800","9","true","Jewelry < Rings < Stackable Rings",,,"1474634059","https://www.etsy.com/listing/1474634059/gold-wedding-band-minimal-14k-gold","https://schema.org","ImageObject","FerkosFineJewelry","https://i.etsystatic.com/14533306/r/il/f6fd79/5201100410/il_fullxfull.5201100410_rfc7.jpg",,"https://i.etsystatic.com/14533306/c/1538/1222/223/381/il/f6fd79/5201100410/il_340x270.5201100410_rfc7.jpg"
"Wild oleander hooded scarf - Handmade Crochet Hooded Shawl","60","USD",,"false","4.9","29","28",,"GinnieJoShop","158","3","true","Accessories < Scarves & Wraps < Scarves",,,"1680718349","https://www.etsy.com/listing/1680718349/wild-oleander-hooded-scarf-handmade","https://schema.org","ImageObject","GinnieJoShop","https://i.etsystatic.com/40075845/r/il/6435d3/5801664884/il_fullxfull.5801664884_tu5s.jpg",,"https://i.etsystatic.com/40075845/r/il/6435d3/5801664884/il_340x270.5801664884_tu5s.jpg"
"Stuffed Denim Whale","92","USD",,"false","5","400","7798",,"DenimFelt","1500","9","true","Toys & Games < Toys < Stuffed Animals & Plushies",,,"737052562","https://www.etsy.com/listing/737052562/stuffed-denim-whale","https://schema.org","ImageObject","DenimFelt","https://i.etsystatic.com/14399695/r/il/6b3035/5171857250/il_fullxfull.5171857250_8a9f.jpg","May include: A blue denim whale plush toy with a stitched smile. The whale is made from recycled denim and has a soft, cuddly texture.","https://i.etsystatic.com/14399695/c/2519/2001/383/0/il/6b3035/5171857250/il_340x270.5171857250_8a9f.jpg"
"Handmade Pottery | 12-14 oz. Large Mug (8 colors)","38","USD",,"false","4.9","12631","8982",,"JKCreativeWood","48600","11","true","Home & Living < Kitchen & Dining < Drink & Barware < Drinkware < Mugs",,,"240520746","https://www.etsy.com/listing/240520746/handmade-pottery-12-14-oz-large-mug-8","https://schema.org","ImageObject","JKCreativeWood","https://i.etsystatic.com/11111774/r/il/e1b518/2671237451/il_fullxfull.2671237451_89dm.jpg","May include: A handmade ceramic mug with a blue and purple glaze. The mug has a wide, rounded base and a slightly flared lip. The handle is attached to the side of the mug.","https://i.etsystatic.com/11111774/r/il/e1b518/2671237451/il_340x270.2671237451_89dm.jpg"
"Walnut Cherry Maple Book Cutting Board Set | Library Charcuterie Set with Stand | Engraved Book Lover Gift | Handmade USA","151.2","USD","189","true","5","115","227",,"YZWoodshop","348","4","true","Home & Living < Kitchen & Dining < Cookware < Cutting Boards",,,"4488512071","https://www.etsy.com/listing/4488512071/walnut-cherry-maple-book-cutting-board","https://schema.org","ImageObject","YZWoodshop","https://i.etsystatic.com/25560383/r/il/23ed93/8072068372/il_fullxfull.8072068372_o7dp.jpg","May include: A wooden cookbook holder with two cookbooks titled &quot;Meat &amp; Fish&quot; and &quot;Cheese &amp; Bread&quot; on a marble countertop. The holder is made of dark wood and is next to a window. Kitchen utensils are in a ceramic container.","https://i.etsystatic.com/25560383/r/il/23ed93/8072068372/il_340x270.8072068372_o7dp.jpg"
"Natural Beeswax Candles: Handmade with Essential Oils","12.79","USD","15.99","true","5","603","1621",,"Matthewstallow","3500","1","true","Home & Living < Home Decor < Candles & Home Fragrances < Candles",,,"1837663458","https://www.etsy.com/listing/1837663458/natural-beeswax-candles-handmade-with","https://schema.org","ImageObject","Matthewstallow","https://i.etsystatic.com/56755378/r/il/12e4f3/7509798665/il_fullxfull.7509798665_tswr.jpg","May include: A black candle with a yellow beeswax interior and two wicks. The label reads &quot;Matthew&#039;s Tallow Organic Beeswax Candles&quot; with a cow illustration and &quot;Purely Beeswax.&quot; Net wt. 8 oz.","https://i.etsystatic.com/56755378/r/il/12e4f3/7509798665/il_340x270.7509798665_tswr.jpg"
"Special Selection Earth Set of 12- Artisan Handmade Watercolor paint Set","115.6","USD","144.5","true","4.9","7453","4734",,"JazperStardust","33300","9","true","Craft Supplies & Tools",,,"514369038","https://www.etsy.com/listing/514369038/special-selection-earth-set-of-12","https://schema.org","ImageObject","JazperStardust","https://i.etsystatic.com/14004195/r/il/d57637/1215386422/il_fullxfull.1215386422_cevu.jpg","May include: A set of watercolor paints in a metal tin with a white label that reads &quot;Jaefer Stardust Garch Set&quot;. The label lists the names of the colors in the set, including &quot;Copper&quot;, &quot;French Olive&quot;, &quot;Sahara Green&quot;, &quot;Potch Green&quot;, &quot;Verma&quot;, &quot;Habago&quot;, &quot;Black Draw&quot;, &quot;Sandaka&quot;, &quot;Satra&quot;, and &quot;Volcano Red&quot;. The set is on a wooden table with a mortar and pestle, a glass bottle, and some amber-colored rocks.","https://i.etsystatic.com/14004195/r/il/d57637/1215386422/il_340x270.1215386422_cevu.jpg"
"Handmade Live Edge Walnut Dining Table, Solid Wood Rustic Furniture","679.95","USD","1511","true","4.9","8","45",,"WoodenCnt","42",,"true","Home & Living < Furniture < Dining Room Furniture < Kitchen & Dining Tables",,,"4417004516","https://www.etsy.com/listing/4417004516/solid-wooden-rustic-dining-table","https://schema.org","ImageObject","WoodenCnt","https://i.etsystatic.com/62686869/r/il/b4d32c/7516600615/il_fullxfull.7516600615_tezs.jpg","May include: A large, rectangular wooden table with a rustic design. The table is constructed from thick, reclaimed wood planks, showcasing natural grain and color variations. The table is supported by sturdy, square legs, creating a substantial and durable piece of furniture. The table is approximately 96 inches long.","https://i.etsystatic.com/62686869/r/il/b4d32c/7516600615/il_340x270.7516600615_tezs.jpg"
"32 Ft Long Runner Rug, Best Quality Turkmen Tribal Hallway Runner, Bukhara Runner, Afghan Handmade Veg Dyes Wool, Oriental Runner,32.0 x 2.8","1600","USD","3200","true","4.9","1215","94",,"TurkmenTribalCarpets","2900","6","true","Home & Living < Floor & Rugs < Rugs",,,"1393437721","https://www.etsy.com/listing/1393437721/32-ft-long-runner-rug-best-quality","https://schema.org","ImageObject","TurkmenTribalCarpets","https://i.etsystatic.com/20941063/r/il/c729aa/4585346869/il_fullxfull.4585346869_rot8.jpg",,"https://i.etsystatic.com/20941063/c/2064/1640/432/26/il/c729aa/4585346869/il_340x270.4585346869_rot8.jpg"
"Fleefer Plush Keychain – Approximately 5” Handmade Collectible (Can be ordered without Keychain)","15","USD",,"false","5","28","66",,"MossandThimbleStudio","117",,"true","Accessories < Keychains & Lanyards < Keychains",,,"4511140097","https://www.etsy.com/listing/4511140097/fleefer-plush-keychain-approximately-5","https://schema.org","ImageObject","MossandThimbleStudio","https://i.etsystatic.com/63841320/r/il/c4e929/8060145142/il_fullxfull.8060145142_1k3z.jpg","May include: A yellow plush duck keychain with black button eyes and an orange beak and feet. The keychain is attached to a gold ring and chain. The background features a whimsical outdoor scene with flowers and a cartoon house.","https://i.etsystatic.com/63841320/r/il/c4e929/8060145142/il_340x270.8060145142_1k3z.jpg"
"Funny Dad T-Shirt, Bald Father&#39;s Day Gift, Hair Would Only Slow Me Down","16.99","USD","28.32","true","4.9","78572","95",,"CrazyDogTshirts","355800","14","true","Clothing",,,"4309199181","https://www.etsy.com/listing/4309199181/funny-dad-t-shirt-bald-fathers-day-gift","https://schema.org","ImageObject","CrazyDogTshirts","https://i.etsystatic.com/6572991/r/il/9af4c6/6929177927/il_fullxfull.6929177927_7gy6.jpg","May include: A heather gray t-shirt with the text &quot;HAIR WOULD ONLY SLOW ME DOWN&quot; in black, arched across the top and bottom. The shirt has a crew neck and short sleeves. The Crazy Dog logo is visible on the neckline.","https://i.etsystatic.com/6572991/r/il/9af4c6/6929177927/il_340x270.6929177927_7gy6.jpg"
"Personalized Nursery Rhymes Book, Custom Baby Name Storybook, Baby Shower Gift for Boy or Girl, Nephew First Birthday Gift, Baby Keepsake","14.99","USD","29.98","true","4.9","445","3520",,"StarfallGiftCo","3300",,"true","Books, Movies & Music < Books < Children's Books",,,"4464398490","https://www.etsy.com/listing/4464398490/personalized-nursery-rhymes-book-custom","https://schema.org","ImageObject","StarfallGiftCo","https://i.etsystatic.com/61271129/r/il/8a95c2/7803348775/il_fullxfull.7803348775_aa2d.jpg","May include: A baby holds a book titled &quot;Oliver&#039;s Book of Nursery Rhymes.&quot; The cover features whimsical illustrations of a goose, cow, dog, clock, and other characters. The title is in blue script.","https://i.etsystatic.com/61271129/r/il/8a95c2/7803348775/il_340x270.7803348775_aa2d.jpg"
"Personalized Linen Hardcover Photo Album For 4x6 inch Photos | 48 Pockets (writable thick cardstock) | Occasional Motto Handmade Album","32","USD","40","true","5","37609","2292",,"OccasionalMotto","160900","8","true","Craft Supplies & Tools",,,"1794105067","https://www.etsy.com/listing/1794105067/personalized-linen-hardcover-photo-album","https://schema.org","ImageObject","OccasionalMotto","https://i.etsystatic.com/17418156/r/il/35a4f2/8119792765/il_fullxfull.8119792765_c5la.jpg","May include: A light blue photo album with white matting, holding 4x6 photos. The album is open, revealing two photographs. The text &quot;MADE IN CALIFORNIA&quot; and &quot;For 4x6 Photos&quot; is visible on the bottom right.","https://i.etsystatic.com/17418156/r/il/35a4f2/8119792765/il_340x270.8119792765_c5la.jpg"
"Handmade Olive Wood Cross Pendant: Christian Religious Jewelry","53.56","USD",,"false","4.9","96","54",,"JewelryIstria","297","5","true","Jewelry < Necklaces < Pendant Necklaces",,,"1496220313","https://www.etsy.com/listing/1496220313/handmade-olive-wood-cross-pendant","https://schema.org","ImageObject","JewelryIstria","https://i.etsystatic.com/26340090/r/il/0cbd26/7614612158/il_fullxfull.7614612158_smc1.jpg",,"https://i.etsystatic.com/26340090/r/il/0cbd26/7614612158/il_340x270.7614612158_smc1.jpg"
"Dragonfly Suncatcher, Colorful Window Hanging, Stained Glass Style Garden Decor Gift","13.66","USD","34.15","true","4.4","154","103",,"DunHandmade","1900",,"true","Art & Collectibles < Glass Art < Suncatchers",,,"4488832487","https://www.etsy.com/listing/4488832487/dragonfly-suncatcher-colorful-window","https://schema.org","ImageObject","DunHandmade","https://i.etsystatic.com/62728796/r/il/f2011f/7913841638/il_fullxfull.7913841638_lq2z.jpg","May include: A colorful stained-glass dragonfly suncatcher hanging in front of an open window. The dragonfly features a mosaic design with shades of blue, green, orange, and purple. It is suspended by a chain, with the ocean visible in the background.","https://i.etsystatic.com/62728796/r/il/f2011f/7913841638/il_340x270.7913841638_lq2z.jpg"
"Bracelet in silver and leather, for Men, boho bracelet, Spanish leather, UNISEX BIMBO MODEL, braided skin, handmade jewelry","38.29","USD","51.06","true","4.7","1382","49",,"ObbviusDesign","5900","5","true","Jewelry < Bracelets < Woven & Braided Bracelets",,,"4468978708","https://www.etsy.com/listing/4468978708/bracelet-in-silver-and-leather-for-men","https://schema.org","ImageObject","ObbviusDesign","https://i.etsystatic.com/28832911/r/il/4bd5c1/7833543061/il_fullxfull.7833543061_g7h9.jpg","May include: A brown leather bracelet with a woven, herringbone pattern. The bracelet is worn on a wrist, showcasing the intricate design and texture of the leather. The bracelet appears to be approximately 0.75 inches wide.","https://i.etsystatic.com/28832911/r/il/4bd5c1/7833543061/il_340x270.7833543061_g7h9.jpg"
"Hand Knotted Pink Oushak Rug | Vintage Turkish Oriental Wool Carpet | Floral Pastel Area Rug | Boho Decor Handmade Traditional Floor Art","123.89","USD","275.31","true","4.8","35","26",,"Chromarugstore","154",,"true","Home & Living < Floor & Rugs < Rugs",,,"4412403669","https://www.etsy.com/listing/4412403669/hand-knotted-pink-oushak-rug-vintage","https://schema.org","ImageObject","Chromarugstore","https://i.etsystatic.com/62260867/r/il/324ff0/7490236521/il_fullxfull.7490236521_qgsh.jpg","May include: A close-up of a hand-woven rug with a detailed floral pattern. The rug features a dusty rose background with accents of blue, green, yellow, and cream. The intricate design includes stylized flowers and geometric shapes, creating a textured and visually rich surface.","https://i.etsystatic.com/62260867/r/il/324ff0/7490236521/il_340x270.7490236521_qgsh.jpg"
"Stag Antler Handmade Damascus Steel Pocket Folding Knife Independence Day Gifts","32.5","USD","130","true","4.7","664","926",,"Knivish","2500","5","true","Toys & Games < Sports & Outdoor Recreation < Camping < Pocket Knives",,,"1710110662","https://www.etsy.com/listing/1710110662/stag-antler-handmade-knife-damascus","https://schema.org","ImageObject","Knivish","https://i.etsystatic.com/46418474/r/il/028103/6008270485/il_fullxfull.6008270485_eva2.jpg","May include: A brown leather sheath with a decorative stitch pattern holds a small pocket knife with a damascus steel blade and a stag horn handle.","https://i.etsystatic.com/46418474/r/il/028103/6008270485/il_340x270.6008270485_eva2.jpg"
"Custom Handmade Brass Sign: Personalized Nameplate, Door Plaque","49.84","USD","83.07","true","4.9","228","3167",,"BrassSignDecor","1800","3","true","Home & Living < Home Decor < Wall Decor < Wall Hangings < Signs",,,"4331662417","https://www.etsy.com/listing/4331662417/custom-handmade-brass-sign-personalized","https://schema.org","ImageObject","BrassSignDecor","https://i.etsystatic.com/42161277/r/il/687e2e/7000992276/il_fullxfull.7000992276_9qba.jpg","May include: A rectangular brass sign with the text &quot;THE BIRD NEST&quot; in raised lettering. The sign has rounded corners and two holes for mounting. The sign is held in a hand.","https://i.etsystatic.com/42161277/r/il/687e2e/7000992276/il_340x270.7000992276_9qba.jpg"
"Green Onyx Marble Chess Set | Unique Handcrafted Marble Chess Set | Best Selling Chess Set | Unique Gifts for Him | Christmas Gifts for Him","97.5","USD","130","true","4.8","2154","12944",,"MarbleCultures","11400","5","true","Toys & Games < Games & Puzzles < Board Games < Chess",,,"1472306100","https://www.etsy.com/listing/1472306100/green-onyx-marble-chess-set-unique","https://schema.org","ImageObject","MarbleCultures","https://i.etsystatic.com/29673539/r/il/efe44e/4925563984/il_fullxfull.4925563984_ig2d.jpg","May include: A green and white marble chess set with a green and brown marble chessboard. The chess pieces are arranged on the board in a starting position.","https://i.etsystatic.com/29673539/r/il/efe44e/4925563984/il_340x270.4925563984_ig2d.jpg"
"Handmade Copper Damascus Steel Folding Knife, Personalized Pocket Knife, Anniversary Gift, Groomsman Gift, Birthday Gift for Him","37.5","USD","150","true","4.9","600","187",,"ValorKnife","3000","5","true","Toys & Games < Sports & Outdoor Recreation < Camping",,,"4312463871","https://www.etsy.com/listing/4312463871/handmade-damascus-steel-folding-knife","https://schema.org","ImageObject","ValorKnife","https://i.etsystatic.com/56009671/r/il/185599/6897993686/il_fullxfull.6897993686_i8w2.jpg","Engraved Handmade Damascus Steel and Copper Pocket Knife Folding Knife","https://i.etsystatic.com/56009671/r/il/185599/6897993686/il_340x270.6897993686_i8w2.jpg"
"925 Sterling Silver Spiral Ring, Swirl Ring for Women, Minimalist Handmade Silver Jewelry, Trending Boho Circle Ring, Unique Gift For Her","6.24","USD","23.99","true","4.6","603","14191",,"LuxeSparkStone","4200","1","true","Jewelry < Rings < Statement Rings",,,"4318512790","https://www.etsy.com/listing/4318512790/925-sterling-silver-spiral-ring-swirl","https://schema.org","ImageObject","LuxeSparkStone","https://i.etsystatic.com/59737301/r/il/57b6bb/7919352833/il_fullxfull.7919352833_2uhj.jpg",,"https://i.etsystatic.com/59737301/r/il/57b6bb/7919352833/il_340x270.7919352833_2uhj.jpg"
"Hand Stitched Full Grain Leather Wallet – Minimal Design Brown","77.09","USD","110.14","true","5","15","48",,"CaliveraLeatherCo","26",,"true","Bags & Purses < Wallets & Money Clips < Wallets",,,"4460021914","https://www.etsy.com/listing/4460021914/hand-stitched-full-grain-leather-wallet","https://schema.org","ImageObject","CaliveraLeatherCo","https://i.etsystatic.com/61139223/r/il/43d22e/7931527235/il_fullxfull.7931527235_45cz.jpg",,"https://i.etsystatic.com/61139223/r/il/43d22e/7931527235/il_340x270.7931527235_45cz.jpg"
"Custom Birthstone Mother of Pearl Crescent Moon Necklace, Personalized Moon Pendant Jewelry, Birthday Gift for Her","28.19","USD","46.99","true","5","59","1579",,"Mopinspired","477",,"true","Jewelry < Necklaces < Pendant Necklaces",,,"4471236942","https://www.etsy.com/listing/4471236942/custom-birthstone-mother-of-pearl","https://schema.org","ImageObject","Mopinspired","https://i.etsystatic.com/64036331/r/il/b971bc/8017266154/il_fullxfull.8017266154_si92.jpg","May include: A gold-toned beaded chain necklace featuring a crescent moon pendant made of translucent white material embedded with small dried flowers. A single pear-shaped purple gemstone hangs from the center of the crescent moon charm.","https://i.etsystatic.com/64036331/r/il/b971bc/8017266154/il_340x270.8017266154_si92.jpg"
"Handmade Gold Crochet Clutch Bag – Elegant Evening Clutch, Summer Wedding Purse, Minimal Boho Handbag","69.3","USD","99","true","5","1","11",,"SHYLAxStudios","2",,"true","Bags & Purses < Handbags < Clutches & Evening Bags",,,"4442366745","https://www.etsy.com/listing/4442366745/handmade-gold-crochet-clutch-bag-elegant","https://schema.org","ImageObject","SHYLAxStudios","https://i.etsystatic.com/63552563/r/il/a4e99e/7609933894/il_fullxfull.7609933894_rl11.jpg","May include: A gold-colored clutch with a woven texture. The clutch is held in front of a person wearing a cream-colored dress. The clutch has a rectangular shape with rounded edges, and a small gold label.","https://i.etsystatic.com/63552563/r/il/a4e99e/7609933894/il_340x270.7609933894_rl11.jpg"
"Stained Glass Hanging Flower Vase, Window Propagation Vase Suncatcher, Handmade Glass Wall Planter, Plant Lover Gift, Home Decor","22.23","USD","31.76","true","4.8","182","2206",,"LumiGlassStudioJGIFT","1600",,"true","Art & Collectibles < Glass Art < Suncatchers",,,"4484444524","https://www.etsy.com/listing/4484444524/stained-glass-hanging-flower-vase-window","https://schema.org","ImageObject","LumiGlassStudioJGIFT","https://i.etsystatic.com/62544951/r/il/5aabd6/7886034992/il_fullxfull.7886034992_k12e.jpg","May include: A hanging wall vase featuring a black metal frame with textured green and yellow glass panels. A clear glass test tube is centered within the frame, holding two pink flowers with green stems. The piece is suspended by a black chain.","https://i.etsystatic.com/62544951/r/il/5aabd6/7886034992/il_340x270.7886034992_k12e.jpg"
"Raw Aquamarine Earring, Silver Handmade Earring, Dangle Earring, Blue Gemstone Earring, Raw Stone Jewelry, July Birthstone, Christmas Gift","25.26","USD","101.06","true","4.8","436","5379",,"BohoArtisanJewelry","24900","3","true","Jewelry < Earrings < Dangle & Drop Earrings",,,"1692322240","https://www.etsy.com/listing/1692322240/raw-aquamarine-earring-silver-handmade","https://schema.org","ImageObject","BohoArtisanJewelry","https://i.etsystatic.com/36883177/r/il/c592ad/7466335747/il_fullxfull.7466335747_1qsj.jpg","","https://i.etsystatic.com/36883177/r/il/c592ad/7466335747/il_340x270.7466335747_1qsj.jpg"
"Raw Aquamarine Gold Earring, 14K Gold Earring, Dangle Earring, Blue Gemstone Earring, Raw Stone Jewelry, July Birthstone, Christmas Gift","26.18","USD","104.73","true","4.6","6826","1409",,"BohoArtisanJewelry","24900","3","true","Jewelry < Earrings < Dangle & Drop Earrings",,,"4421584571","https://www.etsy.com/listing/4421584571/raw-aquamarine-gold-earring-14k-gold","https://schema.org","ImageObject","BohoArtisanJewelry","https://i.etsystatic.com/36883177/r/il/e37f4e/7494256570/il_fullxfull.7494256570_nrwt.jpg","May include: A pair of gold-colored drop earrings with rectangular, light blue gemstones. The earrings have a simple, elegant design, with a long, curved hook and a bezel setting for the gemstones. The earrings are displayed on a wooden surface.","https://i.etsystatic.com/36883177/c/1777/1777/0/0/il/e37f4e/7494256570/il_340x270.7494256570_nrwt.jpg"
"Handmade Ceramic  -  Mountain Scene 14oz Coffee Mug  SEAMIST GLAZE- Oven, Dishwasher, & Microwave Safe Mug -","35","USD",,"false","5","42","759",,"UnusualByAlwaysAzul","310",,"true","Home & Living < Kitchen & Dining < Drink & Barware < Drinkware < Mugs",,,"4406237915","https://www.etsy.com/listing/4406237915/handmade-ceramic-mountain-scene-14oz","https://schema.org","ImageObject","UnusualByAlwaysAzul","https://i.etsystatic.com/62850185/r/il/f7704d/7404692612/il_fullxfull.7404692612_hewo.jpg","May include: Handmade ceramic mug with a landscape design. The mug features a dark blue and brown glaze with a mountain and tree scene in shades of orange and black. The handle is a curved, rounded shape.","https://i.etsystatic.com/62850185/r/il/f7704d/7404692612/il_340x270.7404692612_hewo.jpg"
"Personalised 2.75 x 0.75 in Faux Leather Labels Tags for Handmade Crochet & Knitting","11.2","USD","14","true","5","8455","10771",,"ZeusHide","27800","3","true","Paper & Party Supplies < Paper < Stickers, Labels & Tags < Tags",,,"1555246405","https://www.etsy.com/listing/1555246405/275-x-075-inch-personalised-faux-leather","https://schema.org","ImageObject","ZeusHide","https://i.etsystatic.com/41002589/r/il/b47b7e/8009520375/il_fullxfull.8009520375_56y2.jpg","May include: A collection of leather and wooden tags in various colors, including white, red, brown, and tan. The tags feature embossed text and designs, such as &quot;Firenomad,&quot; &quot;Paradise Lake,&quot; and &quot;Del Mare Handmade Bags.&quot;","https://i.etsystatic.com/41002589/c/1024/1024/56/308/il/b47b7e/8009520375/il_340x270.8009520375_56y2.jpg"
"Handmade 24K Gold Chenrezig Statue: Tibetan Buddhist Art","3060","USD","3600","true","5","34","20",,"NidhiratnaNepal","61","2","true","Home & Living < Spirituality & Religion < Religious Statuary",,,"1744919778","https://www.etsy.com/listing/1744919778/handmade-24k-gold-chenrezig-statue","https://schema.org","ImageObject","NidhiratnaNepal","https://i.etsystatic.com/53030971/r/il/ab521b/6112809612/il_fullxfull.6112809612_omb6.jpg","May include: A gold-colored statue of a deity with four arms, sitting in a meditative pose. The deity is adorned with intricate details and jewels. The statue is placed on a lotus base.","https://i.etsystatic.com/53030971/r/il/ab521b/6112809612/il_340x270.6112809612_omb6.jpg"
"Crochet SPINOOPY Car Hanging, Spider Mirror Accessory, Handmade Amigurumi Car Decor, Cute Crochet Car Hanger","8.45","USD","18.78","true","4.9","98","177",,"VirnaCrochet","860","1","true","Art & Collectibles < Fiber Arts < Crochet",,,"4443466153","https://www.etsy.com/listing/4443466153/red-superhero-crochet-keychain-cute","https://schema.org","ImageObject","VirnaCrochet","https://i.etsystatic.com/58806252/r/il/e489f0/8158480233/il_fullxfull.8158480233_62g7.jpg","May include: A crocheted hanging ornament featuring a character with a cream-colored head, black eyes, and a red and navy blue striped body. The figure is suspended by a white cord and has dangling black limbs, creating a playful, handcrafted aesthetic.","https://i.etsystatic.com/58806252/r/il/e489f0/8158480233/il_340x270.8158480233_62g7.jpg"
"Handmade Damascus Steel Utility Knife: Rosewood Handle, Leather Sheath","70","USD",,"false","4.9","1887","59",,"KnivesRanch","5500","5","true","Toys & Games < Sports & Outdoor Recreation < Hunting & Archery",,,"1559452252","https://www.etsy.com/listing/1559452252/handmade-damascus-steel-utility-knife","https://schema.org","ImageObject","KnivesRanch","https://i.etsystatic.com/27762705/r/il/b032b6/5517005385/il_fullxfull.5517005385_31q2.jpg","May include: A hunting knife with a dark wood handle and a patterned steel blade. The knife is resting on a piece of antler.","https://i.etsystatic.com/27762705/r/il/b032b6/5517005385/il_340x270.5517005385_31q2.jpg"
"Ocean Wave Stained Glass Suncatcher，Beach Coastal Glass Suncatcher Handmade，Beach House Window Hanging Ocean Suncatcher Gift","15.36","USD","32","true","4.8","548","5734",,"Kankancarving","3500",,"true","Art & Collectibles < Glass Art < Suncatchers",,,"4435292068","https://www.etsy.com/listing/4435292068/ocean-wave-stained-glass-suncatcherbeach","https://schema.org","ImageObject","Kankancarving","https://i.etsystatic.com/62280128/r/il/5888fa/7575669030/il_fullxfull.7575669030_e15s.jpg",,"https://i.etsystatic.com/62280128/r/il/5888fa/7575669030/il_340x270.7575669030_e15s.jpg"
"Handmade Berber Wool Carpet, Abstract Tribal Design, Boho Area Rug, Bright Modern Home Decor","166.41","USD","594.31","true","4","9","10",,"CHABCHOUBARUG","22",,"true","Home & Living < Floor & Rugs < Rugs",,,"4500381570","https://www.etsy.com/listing/4500381570/handmade-berber-wool-carpet-abstract","https://schema.org","ImageObject","CHABCHOUBARUG","https://i.etsystatic.com/61485527/r/il/31d7ab/7990103240/il_fullxfull.7990103240_tn49.jpg","May include: A modern living room with a colorful rug, a green sofa, and two armchairs. The rug features a vibrant mix of colors, including pink, yellow, and blue. A large window and a chandelier add to the room&#039;s aesthetic.","https://i.etsystatic.com/61485527/r/il/31d7ab/7990103240/il_340x270.7990103240_tn49.jpg"
